address,name,size,instructions,callers,callees,strings,gp_relative,status,owner,scratch
0x80010030,FUN_80010030,60,15,FUN_80016a50,FUN_800a4af0|FUN_800a4b10,,no,asm,,
0x8001006C,FUN_8001006c,160,40,FUN_80016828|FUN_800372b4|FUN_8003742c|FUN_8003b8c4|FUN_80046cf8|FUN_800470c8|FUN_80060d34|FUN_80060f88|FUN_80068a18|FUN_800697e4|FUN_8006a848|FUN_8006afd0|FUN_8006c068|FUN_8006c54c|FUN_8006e594|FUN_8006fd98|FUN_800714a0,,,no,asm,,
0x8001010C,FUN_8001010c,96,24,FUN_80018ef0|FUN_80039e80|FUN_800477b4,,,no,asm,,
0x8001016C,FUN_8001016c,200,50,FUN_80013f54|FUN_80018ef0|FUN_80033724|FUN_8003c1d0|FUN_8006c54c|FUN_8006d408|FUN_8006e594,,,no,asm,,
0x80010234,FUN_80010234,40,10,FUN_800714a0|FUN_8008c9a4,,,no,asm,,
0x8001025C,FUN_8001025c,208,52,FUN_80018ef0|FUN_8003b8c4|FUN_80068a18|FUN_800697e4|FUN_8006c54c|FUN_8006e594|FUN_8008c9a4,,,no,asm,,
0x8001032C,FUN_8001032c,184,46,FUN_80013f54|FUN_80016828|FUN_80033724|FUN_800372b4|FUN_8003742c|FUN_80038208|FUN_800395e4|FUN_80039e80|FUN_8003b8c4|FUN_80046cf8|FUN_800470c8|FUN_800477b4|FUN_80060d34|FUN_80060f88|FUN_8006422c|FUN_800644c0|FUN_80068a18|FUN_800697e4|FUN_8006a848|FUN_8006afd0|FUN_8006c068|FUN_8006c54c|FUN_8006d408|FUN_8006e594|FUN_8006fd98|FUN_800714a0|FUN_80076a1c,,,no,asm,,
0x800103E4,FUN_800103e4,132,33,FUN_80017fc8,,,no,asm,,
0x80012BE0,FUN_80012be0,40,10,FUN_80024080|FUN_80024284,,,yes,asm,,
0x80012C08,FUN_80012c08,472,118,FUN_8001315c,,,yes,asm,,
0x80012DE0,FUN_80012de0,308,77,FUN_8001315c,,,yes,asm,,
0x80012F14,FUN_80012f14,392,98,FUN_8001315c,FUN_800674fc,,no,asm,,
0x8001309C,FUN_8001309c,192,48,FUN_800134f0|FUN_800138f0,FUN_80017154,,no,asm,,
0x8001315C,FUN_8001315c,536,134,FUN_80013374|FUN_800134f0,FUN_80012c08|FUN_80012de0|FUN_80012f14,,yes,asm,,
0x80013374,FUN_80013374,380,95,FUN_80024710,FUN_8001315c|FUN_8001745c|FUN_8001860c|FUN_80018640|FUN_80018898|FUN_80092938|FUN_80092998,,no,asm,,
0x800134F0,FUN_800134f0,348,87,FUN_80024710,FUN_8001309c|FUN_8001315c|FUN_80018788,,no,asm,,
0x8001364C,FUN_8001364c,396,99,FUN_800269c0,,,yes,asm,,
0x800137D8,FUN_800137d8,244,61,FUN_80024080|FUN_80024284,FUN_800153e4|FUN_80017154|SetBackColor|SetColorMatrix,,yes,asm,,
0x800138CC,FUN_800138cc,36,9,FUN_800241d4|FUN_8002456c,FUN_8001745c,,yes,asm,,
0x800138F0,FUN_800138f0,268,67,FUN_800139fc,FUN_8001309c,,no,asm,,
0x800139FC,FUN_800139fc,168,42,FUN_8002c2a0|FUN_8002cae0|FUN_8003219c|FUN_80033374|FUN_80079814|FUN_80092998,FUN_800138f0,,no,asm,,
0x80013AA4,FUN_80013aa4,124,31,FUN_80031f04,,,no,asm,,
0x80013B20,FUN_80013b20,256,64,FUN_80056c6c,FUN_80013c20|FUN_8001de5c,,no,asm,,
0x80013C20,FUN_80013c20,256,64,FUN_80013b20|FUN_8002cfbc|FUN_8004e830|FUN_8006fd98|FUN_8008bd58,FUN_80016784|FUN_8001de5c,,no,asm,,
0x80013D20,FUN_80013d20,144,36,FUN_80016a50,,,no,asm,,
0x80013DB0,FUN_80013db0,244,61,FUN_8003aab4,FUN_80019818,,no,asm,,
0x80013EA4,FUN_80013ea4,176,44,FUN_80077900,FUN_80066c4c,,no,asm,,
0x80013F54,FUN_80013f54,3280,820,FUN_80077fbc,FUN_8001016c|FUN_8001032c,,no,asm,,
0x80014C24,FUN_80014c24,120,30,FUN_80015f4c,FUN_80014d90,,yes,asm,,
0x80014C9C,FUN_80014c9c,244,61,FUN_80014d90,,,no,asm,,
0x80014D90,FUN_80014d90,1108,277,FUN_80014c24,FUN_80014c9c|FUN_800151e4|FUN_80015880|FUN_80015928|FUN_80016190,,no,asm,,
0x800151E4,FUN_800151e4,156,39,FUN_80014d90|FUN_80015280,,,no,asm,,
0x80015280,FUN_80015280,356,89,FUN_80015f4c,FUN_800151e4|FUN_80015880,,no,asm,,
0x800153E4,FUN_800153e4,312,78,FUN_800137d8|FUN_80062088|FUN_8008bd58,FUN_800184b0,,no,asm,,
0x8001551C,FUN_8001551c,868,217,FUN_8006422c|FUN_8007b2ac|FUN_8007b7fc|FUN_8007bf00|FUN_8007c540|FUN_8007ddb4|FUN_80081a9c|FUN_800855a0,FUN_80015880|FUN_80015958|FUN_80016190|FUN_800457e0|SetDrawMove,,yes,asm,,
0x80015880,FUN_80015880,168,42,FUN_80014d90|FUN_80015280|FUN_8001551c|FUN_80015f4c|FUN_800162d4|FUN_800166b4|FUN_8002cfbc|FUN_80031854|FUN_80031f04|FUN_8003219c|FUN_800323f0|FUN_80033374|FUN_800339b4|FUN_80033d30|FUN_8003421c|FUN_8003496c|FUN_80034ba4|FUN_80034d18|FUN_8004b214|FUN_8005610c|FUN_80056c6c,,,no,asm,,
0x80015928,FUN_80015928,48,12,FUN_80014d90|FUN_80015f4c|FUN_800162d4|FUN_800166b4|FUN_8002cfbc|FUN_80031854|FUN_80031f04|FUN_8003219c|FUN_800323f0|FUN_80033374|FUN_800339b4|FUN_80033d30|FUN_8003421c|FUN_8003496c|FUN_80034ba4|FUN_80034d18|FUN_800487e8|FUN_8004b214|FUN_8005610c|FUN_80056c6c,,,no,asm,,
0x80015958,FUN_80015958,20,5,FUN_8001551c|FUN_800162d4,,,no,asm,,
0x8001596C,FUN_8001596c,168,42,FUN_800162d4|FUN_80018ef0,,,no,asm,,
0x80015A14,FUN_80015a14,116,29,FUN_800162d4,,,no,asm,,
0x80015A88,FUN_80015a88,236,59,FUN_800162d4,,,no,asm,,
0x80015B74,FUN_80015b74,984,246,FUN_80015f4c,,,yes,asm,,
0x80015F4C,FUN_80015f4c,304,76,FUN_8006422c|FUN_8008bd58|FUN_8008de60,FUN_80014c24|FUN_80015280|FUN_80015880|FUN_80015928|FUN_80015b74|FUN_800162d4,,yes,asm,,
0x8001607C,FUN_8001607c,196,49,FUN_800162d4,,,no,asm,,
0x80016140,FUN_80016140,80,20,FUN_800162d4,,,no,asm,,
0x80016190,FUN_80016190,208,52,FUN_80014d90|FUN_8001551c|FUN_800162d4|FUN_800166b4,,,no,asm,,
0x80016260,FUN_80016260,116,29,FUN_800162d4,,,no,asm,,
0x800162D4,FUN_800162d4,648,162,FUN_80015f4c,FUN_80015880|FUN_80015928|FUN_80015958|FUN_8001596c|FUN_80015a14|FUN_80015a88|FUN_8001607c|FUN_80016140|FUN_80016190|FUN_80016260|FUN_8001655c,,yes,asm,,
0x8001655C,FUN_8001655c,344,86,FUN_800162d4|FUN_800838f8|FUN_80087fa8,,,no,asm,,
0x800166B4,FUN_800166b4,208,52,FUN_800780d0,FUN_80015880|FUN_80015928|FUN_80016190,,no,asm,,
0x80016784,FUN_80016784,68,17,FUN_80013c20|FUN_8002cfbc|FUN_80031854|FUN_80031f04|FUN_8003219c|FUN_800323f0|FUN_80033374|FUN_800339b4|FUN_80033d30|FUN_8003421c|FUN_8003496c|FUN_80034ba4|FUN_80034d18|FUN_8004b214|FUN_8005610c|FUN_80056c6c,,,no,asm,,
0x800167C8,FUN_800167c8,24,6,FUN_80024080|FUN_80024284,,,yes,asm,,
0x800167E0,FUN_800167e0,72,18,FUN_800241d4|FUN_8002456c,FUN_8001745c,,yes,asm,,
0x80016828,FUN_80016828,184,46,FUN_80018ef0|FUN_8008c9a4,FUN_8001006c|FUN_8001032c,,no,asm,,
0x800168E0,FUN_800168e0,304,76,FUN_8005d4c8|FUN_80079684,FUN_80017154,,yes,asm,,
0x80016A10,FUN_80016a10,64,16,FUN_80016a50|FUN_80016bac,,,yes,asm,,
0x80016A50,FUN_80016a50,348,87,FUN_8002767c|FUN_800299a8|FUN_80030cac|FUN_8006422c|FUN_800644c0|FUN_8007a994,FUN_80010030|FUN_80013d20|FUN_80016a10,,no,asm,,
0x80016BAC,FUN_80016bac,80,20,FUN_8005ed10|FUN_80072348|FUN_80073ecc,FUN_80016a10,,no,asm,,
0x80016BFC,FUN_80016bfc,316,79,FUN_8005ed10|FUN_8005f034|FUN_800723f8|FUN_800727bc|FUN_80072ae8|FUN_80072c30|FUN_80073054|FUN_80073500|FUN_80073808|FUN_80073c64|FUN_800838f8|FUN_80087fa8|FUN_8008bd58|FUN_8008de60,FUN_80017a68|FUN_800184b0|FUN_800194a0|FUN_80019da4,,no,asm,,
0x80016D38,FUN_80016d38,20,5,FUN_8005dc98|FUN_80074264,,,no,asm,,
0x80016D4C,FUN_80016d4c,24,6,FUN_8003aab4|FUN_800477b4,,,yes,asm,,
0x80016D64,FUN_80016d64,72,18,FUN_800795b4,FUN_8001cc04,,yes,asm,,
0x80016DAC,FUN_80016dac,128,32,FUN_80079470,FUN_8001cb84,,yes,asm,,
0x80016E2C,FUN_80016e2c,180,45,FUN_80024080|FUN_80024284|FUN_80079624,FUN_80018098,,yes,asm,,
0x80016EE0,FUN_80016ee0,48,12,FUN_800241d4|FUN_8002456c|FUN_8007965c,FUN_8001745c,,yes,asm,,
0x80016F10,FUN_80016f10,176,44,FUN_80017154,,,yes,asm,,
0x80016FC0,FUN_80016fc0,176,44,FUN_80017154,,,yes,asm,,
0x80017070,FUN_80017070,228,57,FUN_80017154,,,yes,asm,,
0x80017154,FUN_80017154,640,160,FUN_8001309c|FUN_800137d8|FUN_800168e0|FUN_80018098|FUN_8001836c|FUN_8001893c|FUN_8001a0b4|FUN_80022880|FUN_8002a2bc|FUN_8002baa8|FUN_8002cfbc|FUN_80035680|FUN_800357f0|FUN_80035c28|FUN_80036b9c|FUN_80036fb4|FUN_80039394|FUN_8003aab4|FUN_8003c02c|FUN_8003c08c|FUN_800441a4|FUN_80046c60|FUN_80046cf8|FUN_80048b00|FUN_80048b64|FUN_800491ec|FUN_800492c0|FUN_8004d44c|FUN_8004de5c|FUN_8005fca4|FUN_800605a4|FUN_80060b98|FUN_80061cd0|FUN_80062088|FUN_80066d00|FUN_80068400|FUN_8006a514|FUN_8006a578|FUN_8006d95c|FUN_8006d9ec|FUN_8006dc10|FUN_8006e450|FUN_8006e4b4|FUN_80070684|FUN_80070c5c|FUN_80070e58|FUN_80071e4c|FUN_80071f50|FUN_80074ee8|FUN_80075a9c|FUN_80078460|FUN_800786b0|FUN_80079684|FUN_80079814|FUN_8007a684|FUN_80087fa8|FUN_8008e2ec|FUN_80091ae0|FUN_80092f5c|FUN_8009347c|FUN_80093748|FUN_80095d70|FUN_800973fc,FUN_80016f10|FUN_80016fc0|FUN_80017070|FUN_80018160|FUN_8001cb84|FUN_8001cc5c,,yes,asm,,
0x800173D4,FUN_800173d4,136,34,FUN_8001745c,,,yes,asm,,
0x8001745C,FUN_8001745c,612,153,FUN_80013374|FUN_800138cc|FUN_800167e0|FUN_80016ee0|FUN_80018140|FUN_80018690|FUN_80018898|FUN_8001a190|FUN_800226d8|FUN_80022908|FUN_80022c58|FUN_80022da4|FUN_800241d4|FUN_8002456c|FUN_80024710|FUN_80024c58|FUN_800317a0|FUN_800352f8|FUN_80035680|FUN_80035764|FUN_800357b0|FUN_80035adc|FUN_80035d88|FUN_800368b0|FUN_80036b9c|FUN_80038e28|FUN_800391b0|FUN_80039394|FUN_800395e4|FUN_80039c34|FUN_8003c08c|FUN_8003c138|FUN_80044748|FUN_80046cd0|FUN_80048cdc|FUN_80049360|FUN_8004942c|FUN_8004d470|FUN_8004de8c|FUN_800605cc|FUN_80060bf0|FUN_80061da4|FUN_80066d00|FUN_800670b0|FUN_8006710c|FUN_80068400|FUN_80068654|FUN_8006a7dc|FUN_8006a828|FUN_8006bf90|FUN_8006dc10|FUN_8006e548|FUN_80070684|FUN_80070dc8|FUN_80071de4|FUN_80072208|FUN_80072348|FUN_80075a9c|FUN_80075c08|FUN_800785e4|FUN_800786b0|FUN_800787d0|FUN_80079760|FUN_800838f8|FUN_80087fa8|FUN_80088edc|FUN_8008e2ec|FUN_80090a88|FUN_80090ef8|FUN_80091ae0|FUN_80092998|FUN_80092e08|FUN_80093050|FUN_800934f8|FUN_80095d70|FUN_8009741c|__builtin_delete,FUN_800173d4|FUN_8001818c|FUN_8001cc04|FUN_8001cc5c|FUN_8001cd90,,yes,asm,,
0x800176C0,FUN_800176c0,200,50,FUN_80017ad8|FUN_8003421c|FUN_8003b028|FUN_8003c1d0|FUN_800430e4|FUN_800482dc|FUN_8004a69c|FUN_8004b214|FUN_8004bfac|FUN_8004cdb4|FUN_8004ef54|FUN_80056c6c|FUN_80068078|FUN_800697e4|FUN_8006a848|FUN_800714a0|FUN_80073808|FUN_8008c9a4,,,no,asm,,
0x80017788,FUN_80017788,584,146,FUN_8003e664,,,no,asm,,
0x800179D0,FUN_800179d0,80,20,FUN_8001836c,,,no,asm,,
0x80017A20,FUN_80017a20,72,18,FUN_8001836c,,,no,asm,,
0x80017A68,FUN_80017a68,112,28,FUN_80016bfc|FUN_80026f28|FUN_8002767c|FUN_8005f034|FUN_80060f88|FUN_8007264c|FUN_80073ecc|FUN_8008bd58,FUN_8001802c|FUN_800198a8,,no,asm,,
0x80017AD8,FUN_80017ad8,1264,316,FUN_80031f04|FUN_800339b4|FUN_80033d30|FUN_80034ba4|FUN_80035c28|FUN_8003742c|FUN_80039e80|FUN_8003aab4|FUN_8003b8c4|FUN_800470c8|FUN_80048b64|FUN_8004b214|FUN_8006939c|FUN_80070684|FUN_80073ecc|FUN_800779a0|FUN_800838f8|FUN_80087fa8|FUN_8008bd58|FUN_8008c9a4|FUN_8008de60,FUN_800176c0,,no,asm,,
0x80017FC8,FUN_80017fc8,100,25,FUN_8003421c|FUN_80034ba4,FUN_800103e4|FUN_800184b0,,no,asm,,
0x8001802C,FUN_8001802c,108,27,FUN_80017a68|FUN_80060f88,,,no,asm,,
0x80018098,FUN_80018098,168,42,FUN_80016e2c|FUN_8002baa8|FUN_80038d54,FUN_80017154,,no,asm,,
0x80018140,FUN_80018140,32,8,FUN_8002ba0c|FUN_8003913c,FUN_8001745c,,no,asm,,
0x80018160,FUN_80018160,44,11,FUN_80017154|FUN_8002a4b0|FUN_80038ff8,,,no,asm,,
0x8001818C,FUN_8001818c,32,8,FUN_8001745c|FUN_8002ae2c,,,no,asm,,
0x800181AC,FUN_800181ac,92,23,FUN_8002de7c|FUN_8002ec00|FUN_80030504|FUN_800319c4|FUN_80034dd8|FUN_8003cb08|FUN_80046998|FUN_8004a3a8|FUN_80056c6c|FUN_8005bebc|FUN_800605f0|FUN_80067680|FUN_80067890|FUN_80079814|FUN_8008927c,,,yes,asm,,
0x80018208,FUN_80018208,92,23,FUN_8002b920|FUN_8002cfbc|FUN_8002de7c|FUN_800323f0|FUN_80036a40|FUN_8003742c|FUN_80039e80|FUN_80046cf8|FUN_800473f8|FUN_800477b4|FUN_80050210|FUN_8005c05c|FUN_8005d2c8|FUN_8006a848|FUN_8006afd0|FUN_8006bdbc|FUN_8006f840|FUN_80070684|FUN_80070f80|FUN_80072d54|FUN_80073bf8|FUN_80074118|FUN_80074264|FUN_80077c60|FUN_800780d0,,,yes,asm,,
0x80018264,FUN_80018264,136,34,FUN_800182ec,,,yes,asm,,
0x800182EC,FUN_800182ec,128,32,FUN_8001836c|FUN_80024080|FUN_80024284,FUN_80018264,,yes,asm,,
0x8001836C,FUN_8001836c,180,45,FUN_80024080|FUN_80024284,FUN_80017154|FUN_800179d0|FUN_80017a20|FUN_800182ec|FUN_800a4d80,,yes,asm,,
0x80018420,FUN_80018420,4,1,FUN_800241d4|FUN_8002456c,,,yes,asm,,
0x80018424,__builtin_delete,36,9,,FUN_8001745c,,no,asm,,
0x80018448,FUN_80018448,104,26,FUN_80059b04,,,yes,asm,,
0x800184B0,FUN_800184b0,332,83,FUN_800153e4|FUN_80016bfc|FUN_80017fc8|FUN_8001893c|FUN_800323f0|FUN_80041948|FUN_800473f8|FUN_8004c5dc|FUN_8004cdb4|FUN_8004e830|FUN_8004f650|FUN_8004ffec|FUN_80054a14|FUN_8005610c|FUN_80056c6c|FUN_8005a534|FUN_8005b068|FUN_8005d6b8|FUN_8005dc98|FUN_80064acc|FUN_80065844|FUN_80065fe8|FUN_80066184|FUN_800761b0|FUN_80076a1c,,,yes,asm,,
0x800185FC,FUN_800185fc,16,4,FUN_80024080|FUN_80024284,,,yes,asm,,
0x8001860C,FUN_8001860c,52,13,FUN_80013374|FUN_800188f8|FUN_8002b810|FUN_80046998|FUN_80049628|FUN_8004c368|FUN_800605f0|FUN_80062680|FUN_80092e08,,,yes,asm,,
0x80018640,FUN_80018640,80,20,FUN_80013374|FUN_80049628|FUN_8004c368,,,yes,asm,,
0x80018690,FUN_80018690,172,43,FUN_8001873c|FUN_80029ea0|FUN_80049628,FUN_8001745c,,yes,asm,,
0x8001873C,FUN_8001873c,76,19,FUN_800241d4|FUN_8002456c,FUN_80018690,,yes,asm,,
0x80018788,FUN_80018788,72,18,FUN_800134f0|FUN_8002c2a0|FUN_8002cae0|FUN_8004942c|FUN_80049628|FUN_800605f0|FUN_80079814|FUN_800838f8|FUN_80087fa8,,,yes,asm,,
0x800187D0,FUN_800187d0,104,26,FUN_8002b810|FUN_800317a0|FUN_80035764|FUN_8003c138|FUN_80046998|FUN_80048cdc|FUN_8004942c|FUN_800605f0|FUN_8006a7dc|FUN_8006e548|FUN_80070dc8|FUN_80072208,,,no,asm,,
0x80018838,FUN_80018838,96,24,FUN_80046998|FUN_8004942c|FUN_800605f0,,,no,asm,,
0x80018898,FUN_80018898,96,24,FUN_80013374|FUN_8004c368,FUN_8001745c,,yes,asm,,
0x800188F8,FUN_800188f8,68,17,FUN_80024710,FUN_8001860c,,no,asm,,
0x8001893C,FUN_8001893c,1104,276,FUN_800838f8|FUN_80087fa8,FUN_80017154|FUN_800184b0|FUN_80019bfc|FUN_80019da4,,no,asm,,
0x80018D8C,FUN_80018d8c,32,8,FUN_80018ef0,,,no,asm,,
0x80018DAC,FUN_80018dac,324,81,FUN_80018ef0,,,no,asm,,
0x80018EF0,FUN_80018ef0,1052,263,FUN_800838f8|FUN_80087fa8,FUN_8001010c|FUN_8001016c|FUN_8001025c|FUN_8001596c|FUN_80016828|FUN_80018d8c|FUN_80018dac|SetBackColor|SetColorMatrix|SetLightMatrix,,no,asm,,
0x8001930C,FUN_8001930c,8,2,FUN_80024080|FUN_80024284,,,no,asm,,
0x80019314,FUN_80019314,8,2,FUN_800241d4|FUN_8002456c,,,no,asm,,
0x8001931C,FUN_8001931c,196,49,FUN_800714a0,,,no,asm,,
0x800193E0,FUN_800193e0,192,48,FUN_80038208|FUN_800395e4|FUN_8003b8c4,,,no,asm,,
0x800194A0,FUN_800194a0,120,30,FUN_80016bfc|FUN_8005b1ac|FUN_8005b2a0|FUN_8005d6b8|FUN_8006a848|FUN_800714a0,,,no,asm,,
0x80019518,FUN_80019518,100,25,FUN_8004cdb4|FUN_8004ffec|FUN_80050210|FUN_80054a14|FUN_80059f0c|FUN_8005c05c|FUN_8005dc98|FUN_80072dd4|FUN_800739bc,,,no,asm,,
0x8001957C,FUN_8001957c,140,35,FUN_80019608|FUN_8002d4b0|FUN_8002d7c8|FUN_8002de7c|FUN_8002ea48|FUN_80030868|FUN_80030928|FUN_800323f0|FUN_8003de88|FUN_80042030,,,no,asm,,
0x80019608,FUN_80019608,60,15,FUN_8002cfbc|FUN_8003132c|FUN_8003219c|FUN_800323f0|FUN_80033d30|FUN_800368fc|FUN_80038158|FUN_80038208|FUN_800395e4|FUN_8003b8c4|FUN_800429d0|FUN_8004a69c|FUN_8004bdf4|FUN_8004becc|FUN_8004bfac|FUN_800697e4|FUN_8006a394|FUN_8006c54c|FUN_8006d408|FUN_8006e594,FUN_8001957c,,no,asm,,
0x80019644,FUN_80019644,468,117,FUN_80041948|FUN_80047288|FUN_80050210|FUN_8005dc98|FUN_8006afd0|FUN_8006fd98|FUN_80075fa0,SquareRoot12,,no,asm,,
0x80019818,FUN_80019818,144,36,FUN_80013db0|FUN_8002c76c,,,no,asm,,
0x800198A8,FUN_800198a8,340,85,FUN_80017a68|FUN_80050210|FUN_8005610c|FUN_80056c6c|FUN_8005a534,,,no,asm,,
0x800199FC,FUN_800199fc,400,100,FUN_80050210|FUN_80055748|FUN_80059f0c|FUN_80060f88|FUN_800723f8|FUN_800727bc|FUN_80072ae8|FUN_80073500|FUN_80073808|FUN_80077fbc,,,no,asm,,
0x80019B8C,FUN_80019b8c,112,28,FUN_800323f0|FUN_80041948|FUN_8004cdb4|FUN_8004de8c|FUN_8004f650|FUN_80050210|FUN_800524b4|FUN_80052dbc|FUN_800547b8|FUN_80055748|FUN_80056c6c|FUN_80059f0c|FUN_8005d6b8|FUN_8005dc98|FUN_80075330,,,no,asm,,
0x80019BFC,FUN_80019bfc,104,26,FUN_8001893c|FUN_8002cfbc|FUN_8003132c|FUN_800323f0|FUN_800429d0|FUN_8004a69c|FUN_8004bdf4|FUN_8004bfac|FUN_8004ffec|FUN_80050210|FUN_80055748|FUN_8005610c|FUN_80056c6c|FUN_8005b068|FUN_8005d6b8|FUN_8005dc98|FUN_80076a1c,,,no,asm,,
0x80019C64,FUN_80019c64,72,18,FUN_8002d4b0|FUN_8002d7c8|FUN_8002de7c,,,no,asm,,
0x80019CAC,FUN_80019cac,124,31,FUN_80070f80|FUN_8008bd58,,,no,asm,,
0x80019D28,FUN_80019d28,124,31,FUN_800470c8|FUN_80047d80,,,no,asm,,
0x80019DA4,FUN_80019da4,244,61,FUN_80016bfc|FUN_8001893c|FUN_800323f0|FUN_8004c5dc|FUN_8004cdb4|FUN_8004de8c|FUN_8004e830|FUN_80050210|FUN_8005b068|FUN_8005dc98|FUN_80065fe8|FUN_8007585c|FUN_80076a1c,,,no,asm,,
0x80019E98,FUN_80019e98,156,39,FUN_800477b4,,,no,asm,,
0x80019F34,FUN_80019f34,384,96,FUN_8006f840,,,no,asm,,
0x8001A0B4,FUN_8001a0b4,220,55,FUN_80024080|FUN_80024284|FUN_80088edc|main,ClearOTagR|FUN_80017154|FUN_8001a940,,yes,asm,,
0x8001A190,FUN_8001a190,36,9,FUN_800241d4|FUN_8002456c|FUN_80088edc|main,FUN_8001745c,,yes,asm,,
0x8001A1B4,FUN_8001a1b4,152,38,FUN_8001a24c,,,no,asm,,
0x8001A24C,FUN_8001a24c,1200,300,FUN_8001a6fc|FUN_80024c58|FUN_80024f08|FUN_800252b0|FUN_80026f28|FUN_8002767c|FUN_80028634|FUN_800299a8|FUN_80087130|FUN_8008bd58|FUN_80090ef8,BreakDraw|ClearOTagR|ContinueDraw|DrawOTag|DrawSync|FUN_8001a1b4|FUN_8001a940|IsIdleGPU|SetDrawArea|SetDrawOffset|StoreImage2|printf,"Getting into flush, yet there's an unfinished flush going on!\n",yes,asm,,
0x8001A6FC,FUN_8001a6fc,120,30,FUN_80026f28|FUN_8002767c,FUN_8001a24c,,yes,asm,,
0x8001A774,FUN_8001a774,272,68,FUN_8001a884,ResetGraph|SetDefDispEnv|SetDefDrawEnv|SetDispMask|SetGraphDebug,,yes,asm,,
0x8001A884,FUN_8001a884,48,12,FUN_80079470,FUN_8001a774|FUN_800a1680,,yes,asm,,
0x8001A8B4,FUN_8001a8b4,48,12,,FUN_8001a994,,yes,asm,,
0x8001A8E4,FUN_8001a8e4,12,3,FUN_800252b0|FUN_800299a8,,,yes,asm,,
0x8001A8F0,FUN_8001a8f0,80,20,FUN_80079470|FUN_800977a8,PutDispEnv,,yes,asm,,
0x8001A940,FUN_8001a940,12,3,FUN_8001a0b4|FUN_8001a24c,,,yes,asm,,
0x8001A94C,FUN_8001a94c,72,18,FUN_80079470,,,yes,asm,,
0x8001A994,FUN_8001a994,192,48,FUN_8001a8b4|FUN_80079470|FUN_800977a8,PutDrawEnv,,yes,asm,,
0x8001AA54,FUN_8001aa54,260,65,FUN_8001ab58,,,no,asm,,
0x8001AB58,FUN_8001ab58,104,26,FUN_80025ad4|FUN_80026dbc|FUN_80026f28|FUN_8002767c|FUN_8002896c|FUN_80042544|FUN_8004274c|FUN_800430e4,FUN_8001aa54,,no,asm,,
0x8001ABC0,FUN_8001abc0,12,3,FUN_8001afc4|FUN_8001b05c|FUN_8001b798,,,no,asm,,
0x8001ABCC,FUN_8001abcc,368,92,,,,no,asm,,
0x8001AD3C,FUN_8001ad3c,120,30,FUN_8001b798,,,no,asm,,
0x8001ADB4,FUN_8001adb4,8,2,FUN_8001ba74,,,no,asm,,
0x8001ADBC,FUN_8001adbc,28,7,FUN_8001b798|FUN_8001bd68|FUN_8001c014,,,no,asm,,
0x8001ADD8,FUN_8001add8,244,61,FUN_8001b05c|FUN_8001b798|FUN_8001b9e4,,,no,asm,,
0x8001AECC,FUN_8001aecc,132,33,FUN_8001bd68,,,no,asm,,
0x8001AFC4,FUN_8001afc4,152,38,,CdControl|CdControlF|FUN_8001abc0|FUN_8009f8e0|exit,,no,asm,,
0x8001B05C,FUN_8001b05c,240,60,,CdControl|CdControlF|FUN_8001abc0|FUN_8001add8|FUN_8009f8e0|FUN_8009f900|exit,,no,asm,,
0x8001B5B0,FUN_8001b5b0,356,89,FUN_8001b798,FUN_8001cc5c,,no,asm,,
0x8001B754,FUN_8001b754,68,17,FUN_8001bd68|FUN_8001bf28,FUN_8001bb8c,,yes,asm,,
0x8001B798,FUN_8001b798,588,147,FUN_8001c250,CdControl|FUN_8001abc0|FUN_8001ad3c|FUN_8001adbc|FUN_8001add8|FUN_8001b5b0|FUN_8009c1c0|FUN_8009c1e0|FUN_8009f8e0|FUN_8009f900,,yes,asm,,
0x8001B9E4,FUN_8001b9e4,144,36,FUN_8001c014|FUN_8001c250,CdControl|FUN_8001add8,,no,asm,,
0x8001BA74,FUN_8001ba74,280,70,FUN_8001bb8c,CdControl|CdInit|FUN_8001adb4|FUN_8009f920|InterruptCallback,,yes,asm,,
0x8001BB8C,FUN_8001bb8c,352,88,FUN_8001b754|FUN_80079470,FUN_8001ba74,,yes,asm,,
0x8001BCEC,FUN_8001bcec,124,31,FUN_8001c948|FUN_80029dbc|FUN_80029ea0|FUN_8002ba0c|FUN_80097b68,,,no,asm,,
0x8001BD68,FUN_8001bd68,448,112,FUN_8001bf28|FUN_8001ca54,CdSearchFile|FUN_8001adbc|FUN_8001aecc|FUN_8001b754|FUN_8001c58c,,no,asm,,
0x8001BF28,FUN_8001bf28,236,59,FUN_8001ca54|FUN_80029dbc|FUN_80029ea0|FUN_8002baa8|FUN_80097b68,FUN_8001b754|FUN_8001bd68,,yes,asm,,
0x8001C014,FUN_8001c014,572,143,FUN_8002a190,FUN_8001adbc|FUN_8001b9e4,,no,asm,,
0x8001C250,FUN_8001c250,596,149,FUN_8001c4a4|FUN_8001c948,FUN_8001b798|FUN_8001b9e4,,no,asm,,
0x8001C4A4,FUN_8001c4a4,232,58,FUN_8002a190,FUN_8001c250,,no,asm,,
0x8001C58C,FUN_8001c58c,936,234,FUN_8001bd68,strcat|strcpy|strlen|toupper,,no,asm,,
0x8001C948,FUN_8001c948,268,67,FUN_8001ca54,FUN_8001bcec|FUN_8001c250,,yes,asm,,
0x8001CA54,FUN_8001ca54,304,76,FUN_80024c58|FUN_80090ef8,FUN_8001bd68|FUN_8001bf28|FUN_8001c948,C:\PSX\,yes,asm,,
0x8001CB84,FUN_8001cb84,128,32,FUN_80016dac|FUN_80017154|FUN_80079470,malloc3,,no,asm,,
0x8001CC04,FUN_8001cc04,68,17,FUN_80016d64|FUN_8001745c|FUN_800795b4,free3,,no,asm,,
0x8001CC5C,FUN_8001cc5c,308,77,FUN_80017154|FUN_8001745c|FUN_8001b5b0|FUN_8001f578|FUN_8001fce0|FUN_80022880|FUN_80036b9c|FUN_80039394|FUN_80039e80|FUN_8003c02c|FUN_80048b00|FUN_8006a514|FUN_8006e450|FUN_80070c5c|FUN_80094ff0|FUN_80095d70|FUN_80096a20|FUN_80098a30|FUN_80098d2c,,,no,asm,,
0x8001CD90,FUN_8001cd90,116,29,FUN_8001745c|FUN_8002ec00|FUN_80030928,,,no,asm,,
0x8001CE04,FUN_8001ce04,36,9,FUN_8001f3c4|FUN_8001f47c|FUN_8001f910|FUN_8001fce0|FUN_80021464|FUN_800441a4|FUN_80046c60|FUN_80079814|FUN_8008f344|FUN_8008fb60|FUN_80090008|FUN_80091ae0|FUN_80093748|FUN_800937f8|FUN_80093938|FUN_800958f0|FUN_80095d70|FUN_80097284|FUN_80097d10|FUN_80098d2c,,,no,asm,,
0x8001CE28,FUN_8001ce28,12,3,FUN_80079470,,,yes,asm,,
0x8001CE34,FUN_8001ce34,96,24,FUN_80079470,FUN_8001cedc|FUN_8001d1d0|FUN_8001ee54|InitGeom|ResetCallback,,yes,asm,,
0x8001CE94,FUN_8001ce94,72,18,FUN_800795b4,FUN_8001d26c|FUN_8001de34|FUN_8001ee9c|StopCallback,,yes,asm,,
0x8001CEDC,FUN_8001cedc,152,38,FUN_8001ce34|FUN_80079684,,,no,asm,,
0x8001CF74,FUN_8001cf74,408,102,FUN_80025ad4|FUN_800269c0|FUN_80027e90|FUN_8005fc54,FUN_8001dac0,,no,asm,,
0x8001D10C,FUN_8001d10c,196,49,FUN_8005f928,FUN_8001d840,,no,asm,,
0x8001D1D0,FUN_8001d1d0,156,39,FUN_8001ce34,PadInitDirect|PadStartCom,,no,asm,,
0x8001D26C,FUN_8001d26c,32,8,FUN_8001ce94,PadStopCom,,no,asm,,
0x8001D28C,FUN_8001d28c,60,15,FUN_8005ffbc,FUN_8001d308,,no,asm,,
0x8001D2C8,FUN_8001d2c8,64,16,FUN_8007f810,FUN_8001d308,,no,asm,,
0x8001D308,FUN_8001d308,116,29,FUN_8001d28c|FUN_8001d2c8|FUN_8001d4c4,,,no,asm,,
0x8001D37C,FUN_8001d37c,60,15,FUN_8005ffbc,FUN_8001d3b8,,no,asm,,
0x8001D3B8,FUN_8001d3b8,144,36,FUN_8001d37c|FUN_8001d4c4,,,no,asm,,
0x8001D448,FUN_8001d448,64,16,FUN_8007f810,,,no,asm,,
0x8001D488,FUN_8001d488,60,15,FUN_80025448|FUN_800269c0|FUN_80027e90|FUN_8002896c,FUN_8001d4c4,,no,asm,,
0x8001D4C4,FUN_8001d4c4,92,23,FUN_8001d488|FUN_8001d520,FUN_8001d308|FUN_8001d3b8,,no,asm,,
0x8001D520,FUN_8001d520,144,36,FUN_80024284|FUN_8007f810|FUN_8008b160,FUN_8001d4c4,,no,asm,,
0x8001D5B0,FUN_8001d5b0,656,164,FUN_8001dac0,PadGetState|PadInfoAct|PadInfoMode|PadSetAct|PadSetActAlign,,no,asm,,
0x8001D840,FUN_8001d840,160,40,FUN_8001d10c|FUN_8001d9e4|FUN_8001dac0|FUN_80025ad4|FUN_80026dbc|FUN_80027e90|FUN_8002896c|FUN_8005f928|FUN_8007a994|FUN_8007b2ac|FUN_8007bf00|FUN_8007f810|FUN_8008a7f4|FUN_8008b160|FUN_8008d5f4,,,no,asm,,
0x8001D8E0,FUN_8001d8e0,260,65,FUN_8001dac0|FUN_8007f810,,,no,asm,,
0x8001D9E4,FUN_8001d9e4,220,55,FUN_8004cae8|FUN_8005f928|FUN_8007f810,FUN_8001d840,,no,asm,,
0x8001DAC0,FUN_8001dac0,532,133,FUN_8001cf74|FUN_80025ad4|FUN_8002896c|FUN_8008a7f4|FUN_80090d98|FUN_8009743c|FUN_800978f0,FUN_8001d5b0|FUN_8001d840|FUN_8001d8e0,,yes,asm,,
0x8001DD94,FUN_8001dd94,68,17,FUN_80079470,VSyncCallback,,yes,asm,,
0x8001DDD8,FUN_8001ddd8,48,12,FUN_80022330,,,yes,asm,,
0x8001DE08,FUN_8001de08,44,11,FUN_8002246c,,,yes,asm,,
0x8001DE34,FUN_8001de34,40,10,FUN_8001ce94,VSyncCallback,,yes,asm,,
0x8001DE5C,FUN_8001de5c,208,52,FUN_80013b20|FUN_80013c20|FUN_8004e830|FUN_8008bd58,,,no,asm,,
0x8001DF2C,FUN_8001df2c,56,14,FUN_8001df64|FUN_8001dff8|FUN_8001e08c|FUN_8001f910,,,no,asm,,
0x8001DF64,FUN_8001df64,148,37,FUN_8001fae8,FUN_8001df2c,,no,asm,,
0x8001DFF8,FUN_8001dff8,148,37,FUN_8001fd88,FUN_8001df2c,,no,asm,,
0x8001E08C,FUN_8001e08c,156,39,FUN_8001fd88,FUN_8001df2c,,no,asm,,
0x8001E128,FUN_8001e128,24,6,FUN_8001fae8|FUN_8001fd88,,,no,asm,,
0x8001EE54,FUN_8001ee54,72,18,FUN_8001ce34,FUN_8009c1c0|FUN_8009c1e0|InitCARD|StartCARD|_bu_init|_card_auto,,no,asm,,
0x8001EE9C,FUN_8001ee9c,48,12,FUN_8001ce94,FUN_8009c1c0|StopCARD,,no,asm,,
0x8001EECC,FUN_8001eecc,588,147,FUN_8001f47c,EnableEvent|FUN_8009c1c0|FUN_8009c1e0|OpenEvent,,no,asm,,
0x8001F118,FUN_8001f118,452,113,FUN_8001f538,CloseEvent|DisableEvent|FUN_8009c1c0|FUN_8009c1e0,,no,asm,,
0x8001F2DC,FUN_8001f2dc,108,27,FUN_8001f47c,FUN_8009c1c0|FUN_8009c1e0|VSyncCallback,,no,asm,,
0x8001F348,FUN_8001f348,100,25,FUN_8001f538,FUN_8009c1c0|FUN_8009c1e0|VSyncCallback,,no,asm,,
0x8001F3AC,FUN_8001f3ac,16,4,FUN_800934f8,,,no,asm,,
0x8001F3BC,FUN_8001f3bc,8,2,FUN_8001f3c4|FUN_8009347c,,,no,asm,,
0x8001F3C4,FUN_8001f3c4,184,46,FUN_8009347c,FUN_8001ce04|FUN_8001f3bc,,no,asm,,
0x8001F47C,FUN_8001f47c,188,47,FUN_80093540,FUN_8001ce04|FUN_8001eecc|FUN_8001f2dc|_card_info,,no,asm,,
0x8001F538,FUN_8001f538,40,10,FUN_80093568,FUN_8001f118|FUN_8001f348,,no,asm,,
0x8001F560,FUN_8001f560,24,6,FUN_8001f848|FUN_8007d32c|FUN_8009358c,,,no,asm,,
0x8001F578,FUN_8001f578,720,180,FUN_8001fa3c|FUN_8001fba4|FUN_8001fc14,FUN_8001cc5c,,no,asm,,
0x8001F848,FUN_8001f848,140,35,FUN_8001fa3c,FUN_8001f560,,no,asm,,
0x8001F8D4,FUN_8001f8d4,60,15,FUN_8001f910,,,no,asm,,
0x8001F910,FUN_8001f910,300,75,FUN_8007d32c,FUN_8001ce04|FUN_8001df2c|FUN_8001f8d4,,no,asm,,
0x8001FA3C,FUN_8001fa3c,172,43,FUN_8001fae8|FUN_8001fd88|FUN_8007d32c,FUN_8001f578|FUN_8001f848|strcmp,,no,asm,,
0x8001FAE8,FUN_8001fae8,188,47,FUN_80093938,FUN_8001df64|FUN_8001e128|FUN_8001fa3c|sprintf,bu0%1ld:%s,no,asm,,
0x8001FBA4,FUN_8001fba4,112,28,FUN_8001fc14,FUN_8001f578,,no,asm,,
0x8001FC14,FUN_8001fc14,204,51,FUN_8001fd88|FUN_8007d32c,FUN_8001f578|FUN_8001fba4,,no,asm,,
0x8001FCE0,FUN_8001fce0,168,42,FUN_8001fd88,FUN_8001cc5c|FUN_8001ce04|strlen,,no,asm,,
0x8001FD88,FUN_8001fd88,244,61,FUN_800937f8,FUN_8001dff8|FUN_8001e08c|FUN_8001e128|FUN_8001fa3c|FUN_8001fc14|FUN_8001fce0|sprintf,bu0%1ld:%s,no,asm,,
0x8001FE7C,FUN_8001fe7c,300,75,FUN_80093748,,,no,asm,,
0x8001FFA8,FUN_8001ffa8,84,21,FUN_80022330,FUN_800a8a38|FUN_800a8a78|SpuSetTransferMode,,yes,asm,,
0x8001FFFC,FUN_8001fffc,76,19,FUN_8002246c,FUN_80020048|FUN_800a8a78|SpuSetTransferMode,,yes,asm,,
0x80020048,FUN_80020048,92,23,FUN_8001fffc|FUN_80021a58,,,yes,asm,,
0x800200A4,FUN_800200a4,188,47,FUN_80020668|FUN_80021d78|FUN_80022e50,FUN_80020254,,yes,asm,,
0x80020254,FUN_80020254,120,30,FUN_800200a4,FUN_800a8948|SpuRead|SpuSetTransferStartAddr,,yes,asm,,
0x800202CC,FUN_800202cc,88,22,FUN_80020a4c,,,no,asm,,
0x80020324,FUN_80020324,388,97,FUN_80020a4c,FUN_800204a8|FUN_80020510,,no,asm,,
0x800204A8,FUN_800204a8,104,26,FUN_80020324|FUN_80020aac,FUN_80020578,,no,asm,,
0x80020510,FUN_80020510,104,26,FUN_80020324,,,no,asm,,
0x80020578,FUN_80020578,88,22,FUN_800204a8,FUN_80020bd8,,no,asm,,
0x800205D0,FUN_800205d0,36,9,FUN_80020eac|FUN_800213d0,,,no,asm,,
0x800205F4,FUN_800205f4,100,25,FUN_8002097c,SpuSetCommonAttr,,no,asm,,
0x80020668,FUN_80020668,256,64,FUN_80020adc,FUN_800200a4|SpuMalloc,,yes,asm,,
0x80020768,FUN_80020768,84,21,FUN_80020bd8,SpuFree,,no,asm,,
0x800207BC,FUN_800207bc,132,33,FUN_80020adc,,,no,asm,,
0x80020840,FUN_80020840,32,8,FUN_800237ac|FUN_800238c8,,,no,asm,,
0x80020860,FUN_80020860,48,12,FUN_800238c8|FUN_80023910,,,no,asm,,
0x80020890,FUN_80020890,28,7,FUN_80020eac|FUN_800210f8,,,no,asm,,
0x800208AC,FUN_800208ac,40,10,FUN_800212a0,,,no,asm,,
0x800208D4,FUN_800208d4,40,10,FUN_80020db0,,,no,asm,,
0x800208FC,FUN_800208fc,128,32,FUN_80020c48,SpuNSetVoiceAttr,,no,asm,,
0x8002097C,FUN_8002097c,64,16,FUN_80022330,FUN_800205f4|SpuInit|SpuInitMalloc|SpuStart,,no,asm,,
0x800209BC,FUN_800209bc,64,16,FUN_8003fd5c,SpuSetVoiceAttr,,no,asm,,
0x800209FC,FUN_800209fc,80,20,FUN_8003fd5c,SpuSetVoiceAttr,,no,asm,,
0x80020A4C,FUN_80020a4c,96,24,FUN_80022330,FUN_800202cc|FUN_80020324|FUN_80020aac|FUN_80021c9c,,no,asm,,
0x80020AAC,FUN_80020aac,48,12,FUN_80020a4c|FUN_8002246c,FUN_800204a8|FUN_80020db0|FUN_800a6968,,no,asm,,
0x80020ADC,FUN_80020adc,252,63,FUN_800226d8,FUN_80020668|FUN_800207bc,,no,asm,,
0x80020BD8,FUN_80020bd8,112,28,FUN_80020578|FUN_80022c58,FUN_80020768,,no,asm,,
0x80020C48,FUN_80020c48,344,86,FUN_80020db0,FUN_800208fc|FUN_800a8098|SpuSetKey,,no,asm,,
0x80020DA0,FUN_80020da0,16,4,FUN_8003d43c,,,no,asm,,
0x80020DB0,FUN_80020db0,92,23,FUN_80020aac,FUN_800208d4|FUN_80020c48,,no,asm,,
0x80020E0C,FUN_80020e0c,116,29,FUN_80023974,FUN_800a8098|SpuClearReverbWorkArea|SpuReserveReverbWorkArea|SpuSetReverb|SpuSetReverbModeParam,,no,asm,,
0x80020E80,FUN_80020e80,44,11,FUN_80023974|FUN_80023a48,SpuSetReverbDepth,,no,asm,,
0x80020EAC,FUN_80020eac,300,75,FUN_800237ac,FUN_800205d0|FUN_80020890|FUN_800212c4,,no,asm,,
0x80020FD8,FUN_80020fd8,288,72,FUN_800218e0|FUN_80023258,FUN_800212c4,,no,asm,,
0x800210F8,FUN_800210f8,92,23,FUN_800218e0|FUN_80023258,FUN_80020890,,no,asm,,
0x80021154,FUN_80021154,140,35,FUN_80021a58|FUN_80023088,FUN_800212a0,,no,asm,,
0x800211E0,FUN_800211e0,192,48,FUN_8002181c|FUN_8002310c|FUN_800231a8|FUN_8002387c,FUN_800212c4|SpuNSetVoiceAttr,,no,asm,,
0x800212A0,FUN_800212a0,36,9,FUN_80021154|FUN_80023910,FUN_800208ac,,no,asm,,
0x800212C4,FUN_800212c4,268,67,FUN_80020eac|FUN_80020fd8|FUN_800211e0,,,no,asm,,
0x800213D0,FUN_800213d0,148,37,FUN_800237ac,FUN_800205d0,,no,asm,,
0x80021464,FUN_80021464,464,116,FUN_80023b68,FUN_8001ce04|FUN_80021b78|FUN_80021be0|FUN_80021c9c,,yes,asm,,
0x80021634,FUN_80021634,116,29,FUN_8002394c,FUN_800216b8|FUN_8002be1c,,no,asm,,
0x800216A8,FUN_800216a8,16,4,FUN_80023b68,,,no,asm,,
0x800216B8,FUN_800216b8,40,10,FUN_80021634|FUN_80023b68|FUN_80023cf8,FUN_80021a58|FUN_80021c5c,,no,asm,,
0x800216E0,FUN_800216e0,16,4,FUN_80023cf8,,,no,asm,,
0x800216F0,FUN_800216f0,172,43,FUN_80023b68,FUN_80021c9c|FUN_80021d78,,yes,asm,,
0x8002179C,FUN_8002179c,128,32,FUN_8002181c|FUN_80023b68,,,no,asm,,
0x8002181C,FUN_8002181c,196,49,FUN_80023df8,FUN_800211e0|FUN_8002179c|FUN_80040070,,no,asm,,
0x800218E0,FUN_800218e0,376,94,FUN_80023b68,FUN_80020fd8|FUN_800210f8|FUN_80021f38|FUN_8003f550|FUN_80040070|SpuSetIRQCallback,,no,asm,,
0x80021A58,FUN_80021a58,196,49,FUN_800216b8,FUN_80020048|FUN_80021154|FUN_80021f70|FUN_8003f48c|SpuSetIRQCallback,,no,asm,,
0x80021B1C,FUN_80021b1c,76,19,FUN_80023d70,,,no,asm,,
0x80021B68,FUN_80021b68,16,4,FUN_80023b00,,,no,asm,,
0x80021B78,FUN_80021b78,104,26,FUN_80021464,,,no,asm,,
0x80021BE0,FUN_80021be0,124,31,FUN_80021464,,,no,asm,,
0x80021C5C,FUN_80021c5c,64,16,FUN_800216b8,,,no,asm,,
0x80021C9C,FUN_80021c9c,116,29,FUN_80020a4c|FUN_80021464|FUN_800216f0,,,no,asm,,
0x80021D10,FUN_80021d10,104,26,FUN_80021d78,,,no,asm,,
0x80021D78,FUN_80021d78,448,112,FUN_800216f0,FUN_800200a4|FUN_80021d10,,no,asm,,
0x80021F38,FUN_80021f38,56,14,FUN_800218e0,SpuSetIRQ|SpuSetIRQAddr,,no,asm,,
0x80021F70,FUN_80021f70,44,11,FUN_80021a58,SpuSetIRQ,,no,asm,,
0x80022330,FUN_80022330,316,79,FUN_80079470,FUN_8001ddd8|FUN_8001ffa8|FUN_8002097c|FUN_80020a4c|FUN_8002246c|FUN_8003cf48|SpuMalloc|SpuMallocWithStartAddr,,yes,asm,,
0x8002246C,FUN_8002246c,136,34,FUN_80022330|FUN_800226d8|FUN_800795b4,FUN_8001de08|FUN_8001fffc|FUN_80020aac|FUN_80022da4|FUN_8003d028|SpuFree,,yes,asm,,
0x80022504,FUN_80022504,172,43,FUN_800225b0|FUN_800226d8,,,no,asm,,
0x800225B0,FUN_800225b0,296,74,FUN_800226d8,FUN_80022504|FUN_80023544,,no,asm,,
0x800226D8,FUN_800226d8,416,104,FUN_80022908,FUN_8001745c|FUN_80020adc|FUN_8002246c|FUN_80022504|FUN_800225b0,,yes,asm,,
0x80022878,FUN_80022878,8,2,FUN_80024f08|FUN_800252b0,,,no,asm,,
0x80022880,FUN_80022880,136,34,FUN_80022908,FUN_80017154|FUN_8001cc5c,,no,asm,,
0x80022908,FUN_80022908,704,176,FUN_80022908|FUN_80024710,FUN_8001745c|FUN_800226d8|FUN_80022880|FUN_80022908|FUN_8003d128|FUN_8003d160|FUN_80041e34,,yes,asm,,
0x80022BC8,FUN_80022bc8,144,36,FUN_80022da4,FUN_80023630,,no,asm,,
0x80022C58,FUN_80022c58,332,83,FUN_80022da4,FUN_8001745c|FUN_80020bd8|FUN_80023630,,no,asm,,
0x80022DA4,FUN_80022da4,156,39,FUN_8002246c|FUN_80025448|FUN_8003d04c,FUN_8001745c|FUN_80022bc8|FUN_80022c58|FUN_8003cecc,,yes,asm,,
0x80022E50,FUN_80022e50,212,53,FUN_8002a85c,FUN_800200a4,,yes,asm,,
0x80022F24,FUN_80022f24,356,89,FUN_8003e848,FUN_80023088|FUN_800238c8|FUN_8003d1cc|FUN_8003d320|FUN_8003fccc|FUN_800400a0,,yes,asm,,
0x80023088,FUN_80023088,132,33,FUN_80022f24|FUN_80023258|FUN_800233e8|FUN_8002b7c8|FUN_8003fd5c,FUN_80021154|FUN_8002b034|FUN_8003d7ac|FUN_8003fcf8,,no,asm,,
0x8002310C,FUN_8002310c,156,39,FUN_8003fd5c,FUN_800211e0|FUN_8003fccc,,no,asm,,
0x800231A8,FUN_800231a8,176,44,FUN_8003fe7c,FUN_800211e0|FUN_8003fccc,,no,asm,,
0x80023258,FUN_80023258,400,100,FUN_8002b05c,FUN_80020fd8|FUN_800210f8|FUN_80023088|FUN_800238c8|FUN_8003d1cc|FUN_8003d220|FUN_8003d2e0|FUN_8003d320|FUN_8003fccc|FUN_8003fcf8|FUN_800400a0,,yes,asm,,
0x800233E8,FUN_800233e8,260,65,FUN_8002b05c,FUN_80023088|FUN_800234ec|FUN_8003d2b8|FUN_8003f550|FUN_8003fca4,,yes,asm,,
0x800234EC,FUN_800234ec,16,4,FUN_800233e8|FUN_8003fec4,,,no,asm,,
0x800234FC,FUN_800234fc,72,18,FUN_8003fec4,FUN_8003fccc,,no,asm,,
0x80023544,FUN_80023544,236,59,FUN_800225b0,FUN_8003fb84|FUN_80040148,,no,asm,,
0x80023630,FUN_80023630,216,54,FUN_80022bc8|FUN_80022c58,FUN_800401cc,,no,asm,,
0x80023708,FUN_80023708,164,41,FUN_800237ac|FUN_8002387c,,,no,asm,,
0x800237AC,FUN_800237ac,208,52,FUN_8003ff20,FUN_80020840|FUN_80020eac|FUN_800213d0|FUN_80023708,,no,asm,,
0x8002387C,FUN_8002387c,76,19,FUN_800400a0,FUN_800211e0|FUN_80023708|FUN_800238c8,,no,asm,,
0x800238C8,FUN_800238c8,72,18,FUN_80022f24|FUN_80023258|FUN_8002387c,FUN_80020840|FUN_80020860,,no,asm,,
0x80023910,FUN_80023910,60,15,FUN_8003f0c8|FUN_80040b08|FUN_800415fc|FUN_8004170c,FUN_80020860|FUN_800212a0,,no,asm,,
0x8002394C,FUN_8002394c,40,10,FUN_8003e848,FUN_80021634|FUN_80023a48,,no,asm,,
0x80023974,FUN_80023974,72,18,FUN_8003cf48|FUN_8003d028,FUN_80020e0c|FUN_80020e80,,yes,asm,,
0x800239BC,FUN_800239bc,140,35,FUN_8003dd84,,,yes,asm,,
0x80023A48,FUN_80023a48,184,46,FUN_8002394c,FUN_80020e80,,yes,asm,,
0x80023B00,FUN_80023b00,52,13,FUN_8002b45c,FUN_80021b68,,yes,asm,,
0x80023B68,FUN_80023b68,400,100,FUN_8002a85c,FUN_80021464|FUN_800216a8|FUN_800216b8|FUN_800216f0|FUN_8002179c|FUN_800218e0|FUN_80023cf8|FUN_80023d70|FUN_8002bf00|FUN_8003d480|FUN_8003d5dc,,yes,asm,,
0x80023CF8,FUN_80023cf8,120,30,FUN_80023b68|FUN_8002bd18|FUN_8002be1c|FUN_8003fd5c|FUN_8007c540,FUN_800216b8|FUN_800216e0|FUN_8002bf00|FUN_8002c138,,yes,asm,,
0x80023D70,FUN_80023d70,136,34,FUN_80023b68,FUN_80021b1c|FUN_8002bf00|FUN_8002bf7c,,yes,asm,,
0x80023DF8,FUN_80023df8,120,30,FUN_8003d43c|FUN_8003d538,FUN_8002181c|FUN_8003d480,,yes,asm,,
0x80023E70,FUN_80023e70,24,6,FUN_80024080|FUN_80024284,,,no,asm,,
0x80023E88,FUN_80023e88,108,27,FUN_80023ef4|FUN_80090a88,FUN_8002b69c,,no,asm,,
0x80023EF4,FUN_80023ef4,120,30,FUN_800252b0,FUN_80023e88,,yes,asm,,
0x80023F6C,FUN_80023f6c,276,69,FUN_80024684,,,yes,asm,,
0x80024080,FUN_80024080,340,85,FUN_80024684,FUN_80012be0|FUN_800137d8|FUN_800167c8|FUN_80016e2c|FUN_800182ec|FUN_8001836c|FUN_800185fc|FUN_8001930c|FUN_8001a0b4|FUN_80023e70|FUN_8002baa8|FUN_8003cfd0|FUN_800446b8|FUN_80046978|FUN_80060b98|FUN_80061cd0|FUN_80066fe0|FUN_80067680|FUN_80079684|strcpy,,yes,asm,,
0x800241D4,FUN_800241d4,176,44,FUN_80025448,FUN_800138cc|FUN_800167e0|FUN_80016ee0|FUN_8001745c|FUN_80018420|FUN_8001873c|FUN_80019314|FUN_8001a190|FUN_8002ba0c|FUN_8003d04c|FUN_80044748|FUN_80046988|FUN_80060bf0|FUN_80061da4|FUN_800670b0|FUN_8006782c|FUN_80067880|FUN_80079760,,yes,asm,,
0x80024284,FUN_80024284,744,186,FUN_80024684,FUN_80012be0|FUN_800137d8|FUN_800167c8|FUN_80016e2c|FUN_800182ec|FUN_8001836c|FUN_800185fc|FUN_8001930c|FUN_8001a0b4|FUN_8001d520|FUN_80023e70|FUN_8002baa8|FUN_8002c18c|FUN_8002cf7c|FUN_80031844|FUN_80038d54|FUN_8003cfd0|FUN_800422f0|FUN_80046978|FUN_80046c60|FUN_80048d28|FUN_8004c584|FUN_8005d248|FUN_800605a4|FUN_80060b98|FUN_80061cd0|FUN_80066fe0|FUN_80067680|FUN_8006d90c|FUN_80070e14|FUN_80072254|FUN_80074d90|FUN_80075840|strcpy,,yes,asm,,
0x8002456C,FUN_8002456c,280,70,FUN_80025448,FUN_800138cc|FUN_800167e0|FUN_80016ee0|FUN_8001745c|FUN_80018420|FUN_8001873c|FUN_80019314|FUN_8001a190|FUN_8002ba0c|FUN_8002c1a0|FUN_80038e28|FUN_8003d04c|FUN_80042310|FUN_80046988|FUN_80046cd0|FUN_80048d5c|FUN_8005d250|FUN_800605cc|FUN_80060bf0|FUN_80061da4|FUN_800670b0|FUN_8006782c|FUN_80067880|FUN_8006d918|FUN_80070e1c|FUN_80072348|FUN_800747a4|FUN_8007584c,,yes,asm,,
0x80024684,FUN_80024684,140,35,FUN_80029be4,FUN_80023f6c|FUN_80024080|FUN_80024284|FUN_8009233c|sprintf,,yes,asm,,
0x80024710,FUN_80024710,1352,338,FUN_80024f08|FUN_800252b0|FUN_80027e90|FUN_80028634,FUN_80013374|FUN_800134f0|FUN_8001745c|FUN_800188f8|FUN_80022908|FUN_8002ae2c|FUN_8002b810|FUN_80035adc|FUN_80044690|FUN_80046998|FUN_8004942c|FUN_80049628|FUN_8004c368|FUN_800605f0|FUN_80062680|FUN_8006710c|FUN_80092d2c|FUN_80092d58|FUN_80092d84|FUN_80092db0|FUN_80092ddc|FUN_80092dec|FUN_80092e08,,yes,asm,,
0x80024C58,FUN_80024c58,184,46,FUN_800252b0,FUN_8001745c|FUN_8001a24c|FUN_8001ca54|FUN_80024d10|FUN_800921a0|FUN_80095d70,,no,asm,,
0x80024D10,FUN_80024d10,504,126,FUN_80024c58,,,no,asm,,
0x80024F08,FUN_80024f08,936,234,FUN_800252b0,FUN_8001a24c|FUN_80022878|FUN_80024710|FUN_8002a6e4,,no,asm,,
0x800252B0,FUN_800252b0,408,102,FUN_80029be4,FUN_8001a24c|FUN_8001a8e4|FUN_80022878|FUN_80023ef4|FUN_80024710|FUN_80024c58|FUN_80024f08|FUN_80029dac|FUN_8003fe7c|FUN_8005fc54|FUN_80075808|SetDrawMove,,yes,asm,,
0x80025448,FUN_80025448,228,57,FUN_80029be4,DrawSync|FUN_8001d488|FUN_80022da4|FUN_800241d4|FUN_8002456c|FUN_8002b7c8|FUN_8003fe7c,,yes,asm,,
0x8002552C,FUN_8002552c,1252,313,FUN_80025ad4|FUN_80027e90,FUN_8003d480|FUN_8003d520|FUN_8003d5d0|FUN_8003d668|FUN_8003d6f0|sprintf|strlen,%03ld,no,asm,,
0x80025A10,FUN_80025a10,80,20,FUN_80025ad4|FUN_8002896c,,,no,asm,,
0x80025A60,FUN_80025a60,116,29,FUN_80025ad4|FUN_80027e90,,,yes,asm,,
0x80025AD4,FUN_80025ad4,3100,775,FUN_80026f28|FUN_8002767c,FUN_8001ab58|FUN_8001cf74|FUN_8001d840|FUN_8001dac0|FUN_8002552c|FUN_80025a10|FUN_80025a60|FUN_8003d43c|FUN_8003d480|FUN_8003d498|FUN_8003d520|FUN_8003d52c|FUN_8003d538|FUN_8003d5d0|FUN_8003d5dc|FUN_8003d628|FUN_8003d668|FUN_8003d674|FUN_8003d680|FUN_8003d6f0|FUN_8003d6fc|FUN_8003f6d8|FUN_8003f6fc|FUN_80044944|FUN_800451e8|FUN_8005efcc|FUN_8005efec|FUN_8005f034,Replay Paused|Game Paused,yes,asm,,
0x800266F0,FUN_800266f0,464,116,FUN_80027e90|FUN_8002896c,FUN_8002cd84|FUN_8002fc9c,,yes,asm,,
0x800268C0,FUN_800268c0,64,16,FUN_80026f28|FUN_8002767c,FUN_80061ba8,,no,asm,,
0x80026900,FUN_80026900,64,16,FUN_80026f28|FUN_8002767c,FUN_80046adc,,no,asm,,
0x80026940,FUN_80026940,64,16,FUN_80026f28|FUN_8002767c,FUN_8006422c,,no,asm,,
0x80026980,FUN_80026980,64,16,FUN_80026f28|FUN_8002767c,FUN_800644c0,,no,asm,,
0x800269C0,FUN_800269c0,892,223,FUN_800299a8,FUN_8001364c|FUN_8001cf74|FUN_8001d488|FUN_8002fc9c|FUN_8003fec4|FUN_800497f4|FUN_8005f928|FUN_8005fc54|FUN_80061e94|FUN_80074860|FUN_80074ac8,,yes,asm,,
0x80026D3C,FUN_80026d3c,64,16,FUN_80026f28|FUN_8002767c,FUN_80030cac,,no,asm,,
0x80026D7C,FUN_80026d7c,64,16,FUN_80026f28|FUN_8002767c,FUN_80043520,,no,asm,,
0x80026DBC,FUN_80026dbc,364,91,FUN_80026f28|FUN_8002767c|FUN_800299a8,FUN_8001ab58|FUN_8001d840|FUN_80044944|FUN_800451e8,No Controller|Invalid Controller,yes,asm,,
0x80026F28,FUN_80026f28,1876,469,FUN_800299a8,FUN_80017a68|FUN_8001a24c|FUN_8001a6fc|FUN_8001ab58|FUN_80025ad4|FUN_800268c0|FUN_80026900|FUN_80026940|FUN_80026980|FUN_80026d3c|FUN_80026d7c|FUN_80026dbc|FUN_80038b50|FUN_80042330|FUN_80044944|FUN_800451e8|FUN_80048dec|FUN_80048e84|FUN_80048f78|FUN_80049360|FUN_80049b74|FUN_8005f034|FUN_8005fbfc|FUN_80060a60|FUN_80067834,Insufficient Memory|to Continue Replay|Press Any Key to Exit|You have taken too much|time to Finish the Race...|You are Disqualified!,yes,asm,,
0x8002767C,FUN_8002767c,2068,517,FUN_800299a8,FUN_80016a50|FUN_80017a68|FUN_8001a24c|FUN_8001a6fc|FUN_8001ab58|FUN_80025ad4|FUN_800268c0|FUN_80026900|FUN_80026940|FUN_80026980|FUN_80026d3c|FUN_80026d7c|FUN_80026dbc|FUN_80038b50|FUN_80044944|FUN_800451e8|FUN_80048dec|FUN_80048e84|FUN_80048f78|FUN_80049360|FUN_80049e2c|FUN_8005f034|FUN_8005fbfc|FUN_80060a60|FUN_80067834,Insufficient Memory|to Continue Replay|Press Any Key to Exit|You have taken too much|time to Finish the Race...|You are Disqualified!,yes,asm,,
0x80027E90,FUN_80027e90,1876,469,FUN_800299a8,FUN_8001cf74|FUN_8001d488|FUN_8001d840|FUN_80024710|FUN_8002552c|FUN_80025a60|FUN_800266f0|FUN_8002b05c|FUN_8002b4c0|FUN_8003fe7c|FUN_8003fec4|FUN_80045100|FUN_8005fbfc,,yes,asm,,
0x800285E4,FUN_800285e4,80,20,FUN_8002865c,FUN_8005fc54,,yes,asm,,
0x80028634,FUN_80028634,40,10,FUN_8002865c,FUN_8001a24c|FUN_80024710,,no,asm,,
0x8002865C,FUN_8002865c,784,196,FUN_80029be4,FUN_800285e4|FUN_80028634|FUN_8003d48c|FUN_8003e848|FUN_80079814|FUN_8007a994,,yes,asm,,
0x8002896C,FUN_8002896c,4156,1039,FUN_800299a8,FUN_8001ab58|FUN_8001d488|FUN_8001d840|FUN_8001dac0|FUN_80025a10|FUN_800266f0|FUN_8003f6fc|FUN_80044944|FUN_800451e8|sprintf|strcat|strlen,Race Results for %s|Kid Play|     Power-Ups: |Best Lap|%ld. %s (%d)|%02d:%02d.%02d|%02ld:%02ld.%02ld|Team %ld|Class: |Rookie|Elite|Mayhem|Total,yes,asm,,
0x800299A8,FUN_800299a8,572,143,FUN_80029be4,FUN_80016a50|FUN_8001a24c|FUN_8001a8e4|FUN_800269c0|FUN_80026dbc|FUN_80026f28|FUN_8002767c|FUN_80027e90|FUN_8002896c|FUN_8002fc9c|FUN_8003d48c|FUN_8003dd84|FUN_8003e848|FUN_8004463c|FUN_8005e80c|FUN_80064acc|FUN_80065ee8,,yes,asm,,
0x80029BE4,FUN_80029be4,364,91,main,FUN_80024684|FUN_800252b0|FUN_80025448|FUN_8002865c|FUN_800299a8|FUN_8003132c|FUN_8003913c|FUN_80067210|FUN_80072320,,yes,asm,,
0x80029D50,FUN_80029d50,92,23,FUN_8002a418|FUN_8002af64,,,no,asm,,
0x80029DAC,FUN_80029dac,16,4,FUN_800252b0,,,no,asm,,
0x80029DBC,FUN_80029dbc,228,57,FUN_8002ae2c,FUN_8001bcec|FUN_8001bf28|strcpy|strlen,,no,asm,,
0x80029EA0,FUN_80029ea0,220,55,FUN_8002ae2c,FUN_80018690|FUN_8001bcec|FUN_8001bf28,,yes,asm,,
0x8002A190,FUN_8002a190,256,64,FUN_8002a548,FUN_8001c014|FUN_8001c4a4,,yes,asm,,
0x8002A290,FUN_8002a290,44,11,FUN_8002a2bc|FUN_8002a85c,,,no,asm,,
0x8002A2BC,FUN_8002a2bc,348,87,FUN_8002a85c,FUN_80017154|FUN_8002a290|FUN_80067890,,no,asm,,
0x8002A418,FUN_8002a418,152,38,FUN_8002a85c,FUN_80029d50,,no,asm,,
0x8002A4B0,FUN_8002a4b0,152,38,FUN_8002a85c,FUN_80018160,,no,asm,,
0x8002A548,FUN_8002a548,412,103,FUN_8002a85c,FUN_8002a190,,yes,asm,,
0x8002A6E4,FUN_8002a6e4,376,94,FUN_80024f08,,,no,asm,,
0x8002A85C,FUN_8002a85c,1288,322,FUN_8002ae2c,FUN_80022e50|FUN_80023b68|FUN_8002a290|FUN_8002a2bc|FUN_8002a418|FUN_8002a4b0|FUN_8002a548|FUN_8002bd18|FUN_8002c138,,yes,asm,,
0x8002AD64,FUN_8002ad64,200,50,FUN_8002b4c0|FUN_8002b69c|FUN_8002ba0c,FUN_8002af64,,no,asm,,
0x8002AE2C,FUN_8002ae2c,312,78,FUN_80024710,FUN_8001818c|FUN_80029dbc|FUN_80029ea0|FUN_8002a85c|FUN_8002bd18,,yes,asm,,
0x8002AF64,FUN_8002af64,208,52,FUN_8002ad64|FUN_8002bf00|FUN_8002bffc,FUN_80029d50,,no,asm,,
0x8002B034,FUN_8002b034,40,10,FUN_80023088|FUN_8002b05c,,,yes,asm,,
0x8002B05C,FUN_8002b05c,152,38,FUN_80027e90,FUN_80023258|FUN_800233e8|FUN_8002b034,,yes,asm,,
0x8002B0F4,FUN_8002b0f4,220,55,FUN_8002b1d0|FUN_8002ec00|FUN_8002f268|FUN_8002fc9c|FUN_8003014c|FUN_800319c4|FUN_800429d0|FUN_8004cae8|FUN_800524b4|FUN_80054a14|FUN_80055f44|FUN_8005c05c|FUN_80067890,FUN_8003d674,,yes,asm,,
0x8002B1D0,FUN_8002b1d0,264,66,FUN_80067890,FUN_8002b0f4|FUN_8002b7c8|FUN_8003d674,,yes,asm,,
0x8002B2D8,FUN_8002b2d8,352,88,FUN_80067890,FUN_8002b7c8,,yes,asm,,
0x8002B438,FUN_8002b438,4,1,FUN_8003fec4,,,yes,asm,,
0x8002B43C,DsStatus,32,8,,FUN_8003d2b8,,no,asm,,
0x8002B45C,FUN_8002b45c,80,20,FUN_8002b4c0|FUN_8002b69c,FUN_80023b00,,yes,asm,,
0x8002B4AC,FUN_8002b4ac,20,5,FUN_8003fd5c,,,no,asm,,
0x8002B4C0,FUN_8002b4c0,476,119,FUN_80027e90,FUN_8002ad64|FUN_8002b45c|FUN_8002bffc|FUN_8002c090|FUN_8003d198|FUN_8003d288,,yes,asm,,
0x8002B69C,FUN_8002b69c,300,75,FUN_80023e88,FUN_8002ad64|FUN_8002b45c|FUN_8002bffc|FUN_8002c090,,yes,asm,,
0x8002B7C8,FUN_8002b7c8,72,18,FUN_80025448|FUN_8002b1d0|FUN_8002b2d8|FUN_8002ba0c|FUN_8002be4c,FUN_80023088,,yes,asm,,
0x8002B810,FUN_8002b810,272,68,FUN_80024710,FUN_8001860c|FUN_800187d0,,yes,asm,,
0x8002B920,FUN_8002b920,236,59,FUN_8002ec00|FUN_8002f268|FUN_8002fc9c|FUN_8003014c|FUN_800319c4|FUN_800429d0|FUN_8004cae8|FUN_800524b4|FUN_80054a14|FUN_80055f44|FUN_8005c05c,FUN_80018208,,no,asm,,
0x8002BA0C,FUN_8002ba0c,156,39,FUN_800241d4|FUN_8002456c,FUN_80018140|FUN_8001bcec|FUN_8002ad64|FUN_8002b7c8,,yes,asm,,
0x8002BAA8,FUN_8002baa8,624,156,FUN_80024080|FUN_80024284,FUN_80017154|FUN_80018098|FUN_8001bf28|strcpy,GlblData.psx,yes,asm,,
0x8002BD18,FUN_8002bd18,260,65,FUN_8002a85c|FUN_8002ae2c|FUN_8002be1c|FUN_8002be4c|FUN_8003fe7c|FUN_8007c540,FUN_80023cf8|FUN_8002c180|FUN_8003d5dc,,yes,asm,,
0x8002BE1C,FUN_8002be1c,48,12,FUN_80021634,FUN_80023cf8|FUN_8002bd18,,yes,asm,,
0x8002BE4C,FUN_8002be4c,180,45,FUN_8003e848,FUN_8002b7c8|FUN_8002bd18|FUN_8002bffc,,yes,asm,,
0x8002BF00,FUN_8002bf00,124,31,FUN_80023b68|FUN_80023cf8|FUN_80023d70|FUN_8002c090,FUN_8002af64,,yes,asm,,
0x8002BF7C,FUN_8002bf7c,128,32,FUN_80023d70,,,yes,asm,,
0x8002BFFC,FUN_8002bffc,148,37,FUN_8002b4c0|FUN_8002b69c|FUN_8002be4c,FUN_8002af64,,yes,asm,,
0x8002C090,FUN_8002c090,168,42,FUN_8002b4c0|FUN_8002b69c|FUN_8002c138,FUN_8002bf00,,yes,asm,,
0x8002C138,FUN_8002c138,72,18,FUN_80023cf8|FUN_8002a85c,FUN_8002c090,,yes,asm,,
0x8002C180,FUN_8002c180,12,3,FUN_8002bd18|FUN_8007c540,,,yes,asm,,
0x8002C18C,FUN_8002c18c,20,5,FUN_80024284,,,yes,asm,,
0x8002C1A0,FUN_8002c1a0,8,2,FUN_8002456c,,,no,asm,,
0x8002C1A8,FUN_8002c1a8,64,16,FUN_80033c5c|FUN_80034660|FUN_8003c9cc|FUN_80048f78|FUN_8004a200|FUN_8005fed8,,,no,asm,,
0x8002C1E8,FUN_8002c1e8,184,46,FUN_8002c2a0|FUN_8004b214,FUN_8004becc|FUN_80064acc,,no,asm,,
0x8002C2A0,FUN_8002c2a0,756,189,FUN_8002c894,FUN_800139fc|FUN_80018788|FUN_8002c1e8|FUN_80038ff8,,no,asm,,
0x8002C594,FUN_8002c594,156,39,FUN_8002c894,FUN_800354d4|FUN_80049688,,no,asm,,
0x8002C630,FUN_8002c630,112,28,FUN_8002c894,FUN_80067890,,no,asm,,
0x8002C6A0,FUN_8002c6a0,204,51,FUN_8002c894,FUN_8005cdb8|FUN_80067890,,no,asm,,
0x8002C76C,FUN_8002c76c,296,74,FUN_8002c894,FUN_80019818,,no,asm,,
0x8002C894,FUN_8002c894,424,106,FUN_8002cfbc|FUN_80031854|FUN_8003219c|FUN_80033374|FUN_800339b4|FUN_8003421c|FUN_80034548|FUN_8003496c|FUN_80034a50|FUN_8005fca4,FUN_8002c2a0|FUN_8002c594|FUN_8002c630|FUN_8002c6a0|FUN_8002c76c|FUN_8004de8c|FUN_8005610c|ratan2,,no,asm,,
0x8002CA3C,FUN_8002ca3c,164,41,FUN_8004942c|FUN_800605f0,,,no,asm,,
0x8002CAE0,FUN_8002cae0,368,92,FUN_8002cfbc|FUN_8005fca4,FUN_800139fc|FUN_80018788,,no,asm,,
0x8002CC50,FUN_8002cc50,308,77,FUN_8002cfbc|FUN_8003132c|FUN_8003219c,,,yes,asm,,
0x8002CD84,FUN_8002cd84,504,126,FUN_800266f0|FUN_80043520,FUN_8002f094,,no,asm,,
0x8002CF7C,FUN_8002cf7c,64,16,FUN_80024284,,,yes,asm,,
0x8002CFBC,FUN_8002cfbc,1268,317,,FUN_80013c20|FUN_80015880|FUN_80015928|FUN_80016784|FUN_80017154|FUN_80018208|FUN_80019608|FUN_80019bfc|FUN_8002c894|FUN_8002cae0|FUN_8002cc50|FUN_80030504|FUN_8004d44c|FUN_8004e830|FUN_80059afc|FUN_80064acc,,yes,asm,,
0x8002D4B0,FUN_8002d4b0,792,198,FUN_8002de7c,FUN_8001957c|FUN_80019c64|FUN_80061c40|ratan2,,no,asm,,
0x8002D7C8,FUN_8002d7c8,1032,258,FUN_8002de7c,FUN_8001957c|FUN_80019c64|ratan2,,yes,asm,,
0x8002DBD0,FUN_8002dbd0,684,171,FUN_8002de7c,,,no,asm,,
0x8002DE7C,FUN_8002de7c,2444,611,FUN_80030cac,FUN_800181ac|FUN_80018208|FUN_8001957c|FUN_80019c64|FUN_8002d4b0|FUN_8002d7c8|FUN_8002dbd0|FUN_80041c6c|ratan2,,no,asm,,
0x8002E808,FUN_8002e808,324,81,FUN_8002ec00,FUN_800491ec,,yes,asm,,
0x8002E94C,FUN_8002e94c,252,63,FUN_8002ec00,FUN_800491ec,,yes,asm,,
0x8002EA48,FUN_8002ea48,440,110,FUN_8002ec00|FUN_8002f4ac|FUN_80030928,FUN_8001957c|FUN_80030504|FUN_8004becc|FUN_8004c834|FUN_80064acc,,no,asm,,
0x8002EC00,FUN_8002ec00,1172,293,FUN_80030cac,FUN_800181ac|FUN_8001cd90|FUN_8002b0f4|FUN_8002b920|FUN_8002e808|FUN_8002e94c|FUN_8002ea48|FUN_8002f268|FUN_800501b8,,no,asm,,
0x8002F094,FUN_8002f094,268,67,FUN_8002cd84|FUN_8002f1a0|FUN_800319c4,FUN_80065f60,,no,asm,,
0x8002F1A0,FUN_8002f1a0,200,50,FUN_8002f4ac,FUN_8002f094,,no,asm,,
0x8002F268,FUN_8002f268,580,145,FUN_8002ec00|FUN_800323f0,FUN_8002b0f4|FUN_8002b920|FUN_80050130|FUN_8005b2a0,,no,asm,,
0x8002F4AC,FUN_8002f4ac,2032,508,FUN_80030cac,FUN_8002ea48|FUN_8002f1a0|FUN_80059a48|FUN_80065f60|ratan2,,no,asm,,
0x8002FC9C,FUN_8002fc9c,1200,300,FUN_800266f0|FUN_800269c0|FUN_800299a8|FUN_80030cac,FUN_8002b0f4|FUN_8002b920,,yes,asm,,
0x8003014C,FUN_8003014c,952,238,FUN_80030cac,FUN_8002b0f4|FUN_8002b920|FUN_8005e7f0|FUN_80065f60|FUN_80074574,,yes,asm,,
0x80030504,FUN_80030504,868,217,FUN_8002cfbc|FUN_8002ea48|FUN_80030868,FUN_800181ac,,yes,asm,,
0x80030868,FUN_80030868,192,48,FUN_80030928,FUN_8001957c|FUN_80030504,,no,asm,,
0x80030928,FUN_80030928,768,192,FUN_80030cac,FUN_8001957c|FUN_8001cd90|FUN_8002ea48|FUN_80030868|FUN_8004bdf4,,no,asm,,
0x80030C28,FUN_80030c28,132,33,FUN_8006422c,,,yes,asm,,
0x80030CAC,FUN_80030cac,728,182,FUN_80026d3c,FUN_80016a50|FUN_8002de7c|FUN_8002ec00|FUN_8002f4ac|FUN_8002fc9c|FUN_8003014c|FUN_80030928|FUN_80056c6c|FUN_8005967c|FUN_80059870|FUN_800598dc|FUN_8005f034|FUN_8005ffbc,,yes,asm,,
0x8003132C,FUN_8003132c,1140,285,FUN_80029be4,FUN_80019608|FUN_80019bfc|FUN_8002cc50|FUN_800491ec|FUN_8004bd74|FUN_8005d4c8|FUN_8005e7d8|FUN_80065488,,yes,asm,,
0x800317A0,FUN_800317a0,164,41,FUN_8004942c,FUN_8001745c|FUN_800187d0|FUN_80065488,,yes,asm,,
0x80031844,FUN_80031844,16,4,FUN_80024284,,,yes,asm,,
0x80031854,FUN_80031854,368,92,,FUN_80015880|FUN_80015928|FUN_80016784|FUN_8002c894|FUN_8003c95c|FUN_80065488,,yes,asm,,
0x800319C4,FUN_800319c4,1344,336,,FUN_800181ac|FUN_8002b0f4|FUN_8002b920|FUN_8002f094|FUN_8003558c|FUN_8007734c,,yes,asm,,
0x80031F04,FUN_80031f04,312,78,,FUN_80013aa4|FUN_80015880|FUN_80015928|FUN_80016784|FUN_80017ad8|FUN_8003cb08,,no,asm,,
0x8003219C,FUN_8003219c,596,149,,FUN_800139fc|FUN_80015880|FUN_80015928|FUN_80016784|FUN_80019608|FUN_8002c894|FUN_8002cc50|FUN_8004bd74|FUN_80070e58|FUN_8007734c,,yes,asm,,
0x800323F0,FUN_800323f0,3716,929,,FUN_80015880|FUN_80015928|FUN_80016784|FUN_80018208|FUN_800184b0|FUN_8001957c|FUN_80019608|FUN_80019b8c|FUN_80019bfc|FUN_80019da4|FUN_8002f268|FUN_800352f8|FUN_8004bd74|FUN_8005b1ac|FUN_80064acc|FUN_80065844|FUN_80065f60|FUN_8006d95c|FUN_8006dc10|FUN_80071dd4|FUN_80071de4|FUN_8007734c,,yes,asm,,
0x80033374,FUN_80033374,244,61,,FUN_800139fc|FUN_80015880|FUN_80015928|FUN_80016784|FUN_8002c894|FUN_80065488,,no,asm,,
0x80033724,FUN_80033724,656,164,FUN_8006422c,FUN_8001016c|FUN_8001032c,,yes,asm,,
0x800339B4,FUN_800339b4,680,170,,FUN_80015880|FUN_80015928|FUN_80016784|FUN_80017ad8|FUN_8002c894|FUN_80061c88|FUN_80065488,,no,asm,,
0x80033C5C,FUN_80033c5c,212,53,FUN_80033d30,FUN_8002c1a8,,no,asm,,
0x80033D30,FUN_80033d30,1128,282,,FUN_80015880|FUN_80015928|FUN_80016784|FUN_80017ad8|FUN_80019608|FUN_80033c5c|ratan2,,no,asm,,
0x8003421C,FUN_8003421c,448,112,,FUN_80015880|FUN_80015928|FUN_80016784|FUN_800176c0|FUN_80017fc8|FUN_8002c894|FUN_80064acc|FUN_80065488,,no,asm,,
0x80034438,FUN_80034438,272,68,,,,no,asm,,
0x80034548,FUN_80034548,280,70,,FUN_8002c894|FUN_80065488,,no,asm,,
0x80034660,FUN_80034660,284,71,,FUN_8002c1a8|FUN_80067890,,no,asm,,
0x8003477C,FUN_8003477c,280,70,,FUN_80049688|FUN_80067890,,no,asm,,
0x8003496C,FUN_8003496c,228,57,,FUN_80015880|FUN_80015928|FUN_80016784|FUN_8002c894|FUN_80034ba4|FUN_8003c95c|FUN_8004bfac,,no,asm,,
0x80034A50,FUN_80034a50,340,85,,FUN_8002c894,,no,asm,,
0x80034BA4,FUN_80034ba4,372,93,FUN_8003496c|FUN_80034d18|FUN_8004b214,FUN_80015880|FUN_80015928|FUN_80016784|FUN_80017ad8|FUN_80017fc8|FUN_80064acc,,no,asm,,
0x80034D18,FUN_80034d18,192,48,,FUN_80015880|FUN_80015928|FUN_80016784|FUN_80034ba4|FUN_8004bc80,,no,asm,,
0x80034DD8,FUN_80034dd8,148,37,,FUN_800181ac,,no,asm,,
0x800351EC,FUN_800351ec,32,8,FUN_80035d88|FUN_80035e48|FUN_80035f14|FUN_80036fb4|FUN_80038208|FUN_80039a80,,,no,asm,,
0x8003520C,FUN_8003520c,84,21,FUN_80038208,,,no,asm,,
0x80035260,FUN_80035260,152,38,FUN_80038b50,,,no,asm,,
0x800352F8,FUN_800352f8,380,95,FUN_800323f0|FUN_80055748|FUN_80056c6c|FUN_80078c24,FUN_8001745c|FUN_800363f4,,yes,asm,,
0x80035474,FUN_80035474,96,24,FUN_80035610|FUN_80038ff8,,,no,asm,,
0x800354D4,FUN_800354d4,184,46,FUN_8002c594,FUN_800359b4|FUN_80039a80,,no,asm,,
0x8003558C,FUN_8003558c,132,33,FUN_800319c4,FUN_8007734c,,no,asm,,
0x80035610,FUN_80035610,112,28,FUN_80038ff8|FUN_8003913c,FUN_80035474|FUN_800359b4|FUN_80039a80,,no,asm,,
0x80035680,FUN_80035680,228,57,FUN_80035764|FUN_800359bc,FUN_80017154|FUN_8001745c,,no,asm,,
0x80035764,FUN_80035764,76,19,FUN_8004942c,FUN_8001745c|FUN_800187d0|FUN_80035680,,no,asm,,
0x800357B0,FUN_800357b0,64,16,,FUN_8001745c,,no,asm,,
0x800357F0,FUN_800357f0,196,49,FUN_80070684,FUN_80017154,,no,asm,,
0x800358B4,FUN_800358b4,44,11,FUN_8006fd98,,,no,asm,,
0x800358E0,FUN_800358e0,52,13,FUN_8006fd98,,,no,asm,,
0x80035914,FUN_80035914,160,40,FUN_80038158|FUN_80038208|FUN_80038ccc|FUN_800395e4,FUN_8005e7f0,,no,asm,,
0x800359B4,FUN_800359b4,8,2,FUN_800354d4|FUN_80035610,,,no,asm,,
0x800359BC,FUN_800359bc,288,72,FUN_80035adc,FUN_80035680|FUN_8003c02c|FUN_80048b00|FUN_8006a514|FUN_8006e450|FUN_80070c5c,,yes,asm,,
0x80035ADC,FUN_80035adc,60,15,FUN_80024710,FUN_8001745c|FUN_800359bc,,no,asm,,
0x80035B18,FUN_80035b18,272,68,FUN_8003aab4|FUN_80048b64|FUN_8006a578|FUN_8006e4b4|FUN_80070684,,,no,asm,,
0x80035C28,FUN_80035c28,352,88,FUN_8003c02c|FUN_80048b00|FUN_8006a514|FUN_8006e450|FUN_80070c5c,FUN_80017154|FUN_80017ad8|FUN_80039394|FUN_80064acc,,yes,asm,,
0x80035D88,FUN_80035d88,192,48,FUN_8003c02c|FUN_80048b00|FUN_8006a514|FUN_8006e450|FUN_80070c5c,FUN_8001745c|FUN_800351ec,,yes,asm,,
0x80035E48,FUN_80035e48,60,15,FUN_80035e84|FUN_80035f14,FUN_800351ec,,no,asm,,
0x80035E84,FUN_80035e84,144,36,FUN_80035f14,FUN_80035e48,,no,asm,,
0x80035F14,FUN_80035f14,604,151,FUN_8003913c,FUN_800351ec|FUN_80035e48|FUN_80035e84,,no,asm,,
0x80036170,FUN_80036170,388,97,,,,no,asm,,
0x800362F4,FUN_800362f4,256,64,,,,no,asm,,
0x800363F4,FUN_800363f4,144,36,FUN_800352f8|FUN_80036484|FUN_800391b0,,,no,asm,,
0x80036484,FUN_80036484,712,178,FUN_800387d0,FUN_800363f4,,no,asm,,
0x8003674C,FUN_8003674c,132,33,FUN_80038208,,,no,asm,,
0x800367D0,FUN_800367d0,224,56,FUN_80036a40|FUN_800723f8|FUN_800727bc|FUN_800779a0|FUN_8008bd58,,,no,asm,,
0x800368B0,FUN_800368b0,76,19,FUN_800369fc|FUN_80036b9c,FUN_8001745c,,no,asm,,
0x800368FC,FUN_800368fc,256,64,FUN_80038ccc,FUN_80019608,,yes,asm,,
0x800369FC,FUN_800369fc,68,17,FUN_80038e28,FUN_800368b0,,yes,asm,,
0x80036A40,FUN_80036a40,348,87,FUN_80036b9c|FUN_8003742c|FUN_8006a848|FUN_8006c068,FUN_80018208|FUN_800367d0,,no,asm,,
0x80036B9C,FUN_80036b9c,1048,262,FUN_80038b50,FUN_80017154|FUN_8001745c|FUN_8001cc5c|FUN_800368b0|FUN_80036a40,,yes,asm,,
0x80036FB4,FUN_80036fb4,716,179,FUN_80039474|FUN_80039a80|FUN_800477b4,FUN_80017154|FUN_800351ec,,yes,asm,,
0x80037280,FUN_80037280,52,13,FUN_8003b8c4|FUN_8006e594|FUN_8006fd98,,,no,asm,,
0x800372B4,FUN_800372b4,376,94,FUN_80038208|FUN_80039e80|FUN_8003b028|FUN_800697e4|FUN_8006a394|FUN_8006e594|FUN_8006fd98,FUN_8001006c|FUN_8001032c,,no,asm,,
0x8003742C,FUN_8003742c,3372,843,FUN_80038208,FUN_8001006c|FUN_8001032c|FUN_80017ad8|FUN_80018208|FUN_80036a40,,no,asm,,
0x80038158,FUN_80038158,176,44,FUN_80075330,FUN_80019608|FUN_80035914,,no,asm,,
0x80038208,FUN_80038208,1480,370,FUN_80038208|FUN_800387d0|FUN_80039474|FUN_80039a80|FUN_80046cf8|FUN_80047288|FUN_800477b4,FUN_8001032c|FUN_800193e0|FUN_80019608|FUN_800351ec|FUN_8003520c|FUN_80035914|FUN_8003674c|FUN_800372b4|FUN_8003742c|FUN_80038208|FUN_8003c08c|FUN_8003fa10|FUN_80048b64|FUN_8006a578|FUN_8006e4b4|FUN_80070684,,yes,asm,,
0x800387D0,FUN_800387d0,336,84,FUN_80038b50,FUN_80036484|FUN_80038208,,no,asm,,
0x80038920,FUN_80038920,120,30,FUN_80038b50,,,no,asm,,
0x80038998,FUN_80038998,112,28,FUN_80038a08,FUN_8003b77c|FUN_800480c0|FUN_8006939c|FUN_8006dae0|FUN_8006fd98|FUN_80070f80,,no,asm,,
0x80038A08,FUN_80038a08,64,16,FUN_80038b50,FUN_80038998,,no,asm,,
0x80038A48,FUN_80038a48,264,66,FUN_80038b50,FUN_80039a80|FUN_80075330|FUN_80077478|FUN_800774a4,,yes,asm,,
0x80038B50,FUN_80038b50,380,95,FUN_80026f28|FUN_8002767c,FUN_80035260|FUN_80036b9c|FUN_800387d0|FUN_80038920|FUN_80038a08|FUN_80038a48|FUN_800395e4|FUN_80048150|FUN_80075730,,yes,asm,,
0x80038CCC,FUN_80038ccc,136,34,FUN_8006422c,FUN_80035914|FUN_800368fc|FUN_8003be24|FUN_800487e8|FUN_8006a394|FUN_8006db94|FUN_8006e594|FUN_800714a0|FUN_8007567c,,no,asm,,
0x80038D54,FUN_80038d54,212,53,FUN_80024284,FUN_80018098,,yes,asm,,
0x80038E28,FUN_80038e28,464,116,FUN_8002456c,FUN_8001745c|FUN_800369fc,,yes,asm,,
0x80038FF8,FUN_80038ff8,160,40,FUN_8002c2a0,FUN_80018160|FUN_80035474|FUN_80035610,,yes,asm,,
0x80039098,FUN_80039098,164,41,FUN_8003913c,DrawSync|LoadImage,,yes,asm,,
0x8003913C,FUN_8003913c,116,29,FUN_80029be4,FUN_80018140|FUN_80035610|FUN_80035f14|FUN_80039098,,yes,asm,,
0x800391B0,FUN_800391b0,384,96,FUN_80039330,FUN_8001745c|FUN_800363f4,,yes,asm,,
0x80039330,FUN_80039330,92,23,FUN_80048f78,FUN_800391b0|FUN_80039a80,,no,asm,,
0x8003938C,FUN_8003938c,8,2,FUN_800498e4,,,no,asm,,
0x80039394,FUN_80039394,224,56,FUN_80035c28|FUN_80039a80,FUN_80017154|FUN_8001745c|FUN_8001cc5c,,yes,asm,,
0x80039474,FUN_80039474,132,33,FUN_800395e4,FUN_80036fb4|FUN_80038208,,no,asm,,
0x800394F8,FUN_800394f8,236,59,FUN_800395e4,,,no,asm,,
0x800395E4,FUN_800395e4,1180,295,FUN_80038b50,FUN_8001032c|FUN_8001745c|FUN_800193e0|FUN_80019608|FUN_80035914|FUN_80039474|FUN_800394f8,,yes,asm,,
0x80039A80,FUN_80039a80,260,65,FUN_800354d4|FUN_80035610|FUN_80038a48|FUN_80039330|FUN_80047f5c|FUN_80075330|FUN_80077478|FUN_800774a4|FUN_80077c60|FUN_80078bb8,FUN_800351ec|FUN_80036fb4|FUN_80038208|FUN_80039394,,yes,asm,,
0x80039B84,FUN_80039b84,44,11,FUN_800751cc|FUN_800774a4,,,yes,asm,,
0x80039BB0,FUN_80039bb0,36,9,FUN_80039e80,,,no,asm,,
0x80039BD4,FUN_80039bd4,32,8,FUN_80039e80,,,no,asm,,
0x80039BF4,FUN_80039bf4,64,16,FUN_8003b028,,,no,asm,,
0x80039C34,FUN_80039c34,92,23,,FUN_8001745c,,yes,asm,,
0x80039C90,FUN_80039c90,152,38,FUN_8003b028,,,no,asm,,
0x80039D28,FUN_80039d28,344,86,FUN_8003b028,,,no,asm,,
0x80039E80,FUN_80039e80,2644,661,,FUN_8001010c|FUN_8001032c|FUN_80017ad8|FUN_80018208|FUN_8001cc5c|FUN_800372b4|FUN_80039bb0|FUN_80039bd4,,yes,asm,,
0x8003A8D4,FUN_8003a8d4,480,120,FUN_8003aab4,,,no,asm,,
0x8003AAB4,FUN_8003aab4,1184,296,FUN_8003c08c,FUN_80013db0|FUN_80016d4c|FUN_80017154|FUN_80017ad8|FUN_80035b18|FUN_8003a8d4,,yes,asm,,
0x8003AF54,FUN_8003af54,212,53,FUN_8003b028,,,no,asm,,
0x8003B028,FUN_8003b028,1876,469,FUN_8003b77c,FUN_800176c0|FUN_800372b4|FUN_80039bf4|FUN_80039c90|FUN_80039d28|FUN_8003af54,,yes,asm,,
0x8003B77C,FUN_8003b77c,96,24,FUN_80038998,FUN_8003b028,,no,asm,,
0x8003B7DC,FUN_8003b7dc,232,58,FUN_8003b8c4,,,no,asm,,
0x8003B8C4,FUN_8003b8c4,1180,295,FUN_8003be24,FUN_8001006c|FUN_8001025c|FUN_8001032c|FUN_80017ad8|FUN_800193e0|FUN_80019608|FUN_80037280|FUN_8003b7dc|FUN_8003c1d0,,no,asm,,
0x8003BD60,FUN_8003bd60,196,49,FUN_80075808,FUN_80066c4c,,no,asm,,
0x8003BE24,FUN_8003be24,96,24,FUN_80038ccc,FUN_8003b8c4,,no,asm,,
0x8003C02C,FUN_8003c02c,96,24,FUN_800359bc|FUN_8003c138,FUN_80017154|FUN_8001cc5c|FUN_80035c28|FUN_80035d88,,no,asm,,
0x8003C08C,FUN_8003c08c,172,43,FUN_80038208,FUN_80017154|FUN_8001745c|FUN_8003aab4,,no,asm,,
0x8003C138,FUN_8003c138,76,19,FUN_8004942c,FUN_8001745c|FUN_800187d0|FUN_8003c02c,,no,asm,,
0x8003C184,FUN_8003c184,76,19,FUN_8003c1d0,,,no,asm,,
0x8003C1D0,FUN_8003c1d0,1756,439,FUN_8003b8c4,FUN_8001016c|FUN_800176c0|FUN_8003c184,,no,asm,,
0x8003C8AC,FUN_8003c8ac,176,44,FUN_8003c95c|FUN_8003c9cc|FUN_8003cb08,,,no,asm,,
0x8003C95C,FUN_8003c95c,112,28,FUN_80031854|FUN_8003496c,FUN_8003c8ac,,no,asm,,
0x8003C9CC,FUN_8003c9cc,240,60,FUN_8003cb08,FUN_8002c1a8|FUN_8003c8ac,,no,asm,,
0x8003CABC,FUN_8003cabc,76,19,FUN_8003cb08,,,no,asm,,
0x8003CB08,FUN_8003cb08,964,241,FUN_80031f04,FUN_800181ac|FUN_8003c8ac|FUN_8003c9cc|FUN_8003cabc,,no,asm,,
0x8003CECC,FUN_8003cecc,124,31,FUN_80022da4|FUN_8003d7f4,FUN_8003d8ec,,yes,asm,,
0x8003CF48,FUN_8003cf48,136,34,FUN_80022330,FUN_80023974|FUN_8003d43c|FUN_8003d48c|FUN_8003d498|FUN_8003d538|FUN_8003d5e8|FUN_8003d628|FUN_8003d680|FUN_8003d7f4|FUN_8004022c,,yes,asm,,
0x8003CFD0,FUN_8003cfd0,88,22,FUN_80024080|FUN_80024284,,,yes,asm,,
0x8003D028,FUN_8003d028,36,9,FUN_8002246c,FUN_80023974,,yes,asm,,
0x8003D04C,FUN_8003d04c,220,55,FUN_800241d4|FUN_8002456c,FUN_80022da4|FUN_8003dc58|FUN_8003f0c8|FUN_800400e4,,no,asm,,
0x8003D128,FUN_8003d128,56,14,FUN_80022908,,,yes,asm,,
0x8003D160,FUN_8003d160,56,14,FUN_80022908,,,yes,asm,,
0x8003D198,FUN_8003d198,16,4,FUN_8002b4c0,,,yes,asm,,
0x8003D1A8,FUN_8003d1a8,36,9,FUN_8003d1cc|FUN_8003d320,,,yes,asm,,
0x8003D1CC,FUN_8003d1cc,84,21,FUN_80022f24|FUN_80023258,FUN_8003d1a8,,no,asm,,
0x8003D220,FUN_8003d220,104,26,FUN_80023258,,,yes,asm,,
0x8003D288,FUN_8003d288,48,12,FUN_8002b4c0,,,no,asm,,
0x8003D2B8,FUN_8003d2b8,40,10,DsStatus|FUN_800233e8|FUN_8003d3ec,,,no,asm,,
0x8003D2E0,FUN_8003d2e0,64,16,FUN_80023258,FUN_8003d674|FUN_8003d708,,no,asm,,
0x8003D320,FUN_8003d320,204,51,FUN_80022f24|FUN_80023258,FUN_8003d1a8|FUN_8003d3ec|FUN_8003de88|FUN_8003e784,,yes,asm,,
0x8003D3EC,FUN_8003d3ec,80,20,FUN_8003d320,FUN_8003d2b8,,no,asm,,
0x8003D43C,FUN_8003d43c,68,17,FUN_80025ad4|FUN_8003cf48|FUN_8007c540|FUN_80093f6c,FUN_80020da0|FUN_80023df8,,yes,asm,,
0x8003D480,FUN_8003d480,12,3,FUN_80023b68|FUN_80023df8|FUN_8002552c|FUN_80025ad4|FUN_80079814|FUN_80093f6c,,,yes,asm,,
0x8003D48C,FUN_8003d48c,12,3,FUN_8002865c|FUN_800299a8|FUN_8003cf48,,,yes,asm,,
0x8003D498,FUN_8003d498,136,34,FUN_80025ad4|FUN_8003cf48|FUN_8007c540|FUN_80093f6c,FUN_8003d5e8,,yes,asm,,
0x8003D520,FUN_8003d520,12,3,FUN_8002552c|FUN_80025ad4|FUN_80079814|FUN_80093f6c,,,yes,asm,,
0x8003D52C,FUN_8003d52c,12,3,FUN_80025ad4,,,yes,asm,,
0x8003D538,FUN_8003d538,152,38,FUN_80025ad4|FUN_8003cf48|FUN_8007c540|FUN_80093f6c,FUN_80023df8|FUN_8003d5e8,,yes,asm,,
0x8003D5D0,FUN_8003d5d0,12,3,FUN_8002552c|FUN_80025ad4|FUN_80079814|FUN_8007c540|FUN_80093f6c,,,yes,asm,,
0x8003D5DC,FUN_8003d5dc,12,3,FUN_80023b68|FUN_80025ad4|FUN_8002bd18,,,yes,asm,,
0x8003D5E8,FUN_8003d5e8,52,13,FUN_8003cf48|FUN_8003d498|FUN_8003d538,,,yes,asm,,
0x8003D61C,FUN_8003d61c,12,3,FUN_800966b0,,,yes,asm,,
0x8003D628,FUN_8003d628,64,16,FUN_80025ad4|FUN_8003cf48|FUN_8007c540|FUN_80093f6c,,,yes,asm,,
0x8003D668,FUN_8003d668,12,3,FUN_8002552c|FUN_80025ad4|FUN_80079814|FUN_80093f6c,,,yes,asm,,
0x8003D674,FUN_8003d674,12,3,FUN_80025ad4|FUN_8002b0f4|FUN_8002b1d0|FUN_8003d2e0,,,yes,asm,,
0x8003D680,FUN_8003d680,112,28,FUN_80025ad4|FUN_8003cf48|FUN_8007c540|FUN_80093f6c,,,yes,asm,,
0x8003D6F0,FUN_8003d6f0,12,3,FUN_8002552c|FUN_80025ad4|FUN_80079814|FUN_80093f6c,,,yes,asm,,
0x8003D6FC,FUN_8003d6fc,12,3,FUN_80025ad4,,,yes,asm,,
0x8003D708,FUN_8003d708,56,14,FUN_8003d2e0,FUN_8003d740,,yes,asm,,
0x8003D740,FUN_8003d740,108,27,FUN_8003d708|FUN_8003d7ac,FUN_800400a0,,no,asm,,
0x8003D7AC,FUN_8003d7ac,72,18,FUN_80023088,FUN_8003d740,,yes,asm,,
0x8003D7F4,FUN_8003d7f4,168,42,FUN_8003cf48,FUN_8003cecc|FUN_8003dd30,,yes,asm,,
0x8003D89C,FUN_8003d89c,80,20,FUN_8003da74|FUN_8003f4b0|FUN_8003f720|FUN_8003f7b8|FUN_8003fa10|FUN_80040258|FUN_80040b08|FUN_80040c58|FUN_80041c6c|FUN_8004214c,,,no,asm,,
0x8003D8EC,FUN_8003d8ec,68,17,FUN_8003cecc,,,no,asm,,
0x8003D930,FUN_8003d930,160,40,FUN_8003dc58,FUN_8003dd30,,no,asm,,
0x8003D9D0,FUN_8003d9d0,164,41,FUN_8003da74|FUN_8003e848,,,no,asm,,
0x8003DA74,FUN_8003da74,316,79,FUN_8003e848|FUN_80040600|FUN_80041b0c|FUN_80049b74|FUN_80049e2c|FUN_80050130|FUN_80052100,FUN_8003d89c|FUN_8003d9d0,,no,asm,,
0x8003DBB0,FUN_8003dbb0,120,30,FUN_8003e848|FUN_80040600|FUN_80041b0c|FUN_80049b74|FUN_80049e2c|FUN_80056c6c,,,no,asm,,
0x8003DC28,FUN_8003dc28,48,12,FUN_80040600|FUN_80041b0c,,,no,asm,,
0x8003DC58,FUN_8003dc58,168,42,FUN_8003d04c|FUN_8003e848|FUN_800400e4|FUN_80040600|FUN_80040c58|FUN_800417ec|FUN_80048e84|FUN_80048f78|FUN_80049688|FUN_80049b74|FUN_80049e2c|FUN_8004de8c|FUN_800501b8|FUN_80055748,FUN_8003d930|FUN_800415fc,,no,asm,,
0x8003DD00,FUN_8003dd00,48,12,FUN_8003e848|FUN_80040600,,,no,asm,,
0x8003DD30,FUN_8003dd30,84,21,FUN_8003d7f4|FUN_8003d930,,,no,asm,,
0x8003DD84,FUN_8003dd84,248,62,FUN_800299a8,FUN_800239bc,,no,asm,,
0x8003DE7C,FUN_8003de7c,12,3,FUN_8003de88|FUN_8003e848,,,no,asm,,
0x8003DE88,FUN_8003de88,2012,503,FUN_8003d320|FUN_8003e848|FUN_8003f898|FUN_80040c58,FUN_8001957c|FUN_8003de7c,,yes,asm,,
0x8003E664,FUN_8003e664,288,72,FUN_8003e784,FUN_80017788,,yes,asm,,
0x8003E784,FUN_8003e784,196,49,FUN_8003d320|FUN_8003e848|FUN_8003f898|FUN_80040c58,FUN_8003e664,,yes,asm,,
0x8003E848,FUN_8003e848,2116,529,FUN_8002865c|FUN_800299a8,FUN_80022f24|FUN_8002394c|FUN_8002be4c|FUN_8003d9d0|FUN_8003da74|FUN_8003dbb0|FUN_8003dc58|FUN_8003dd00|FUN_8003de7c|FUN_8003de88|FUN_8003e784|FUN_8003f0c8|FUN_8003f25c|FUN_8003f3f8|FUN_8003f550|FUN_8003fcf8|FUN_8003ff20|FUN_800400a0|FUN_80040c58|FUN_800415fc|FUN_80041948|FUN_80042030|FUN_8004214c|FUN_80042234|FUN_800422b0,,yes,asm,,
0x8003F08C,FUN_8003f08c,60,15,FUN_8003f550,,,yes,asm,,
0x8003F0C8,FUN_8003f0c8,404,101,FUN_8003d04c|FUN_8003e848|FUN_8003f48c|FUN_8003f550|FUN_8003f898|FUN_8003fd5c|FUN_80040c58|FUN_800415fc|FUN_8004170c|FUN_800417ec,FUN_80023910|FUN_8003f25c,,yes,asm,,
0x8003F25C,FUN_8003f25c,108,27,FUN_8003e848|FUN_8003f0c8,,,no,asm,,
0x8003F2C8,FUN_8003f2c8,304,76,FUN_8003f550,FUN_8003f3f8,,yes,asm,,
0x8003F3F8,FUN_8003f3f8,148,37,FUN_8003e848|FUN_8003f2c8,,,no,asm,,
0x8003F48C,FUN_8003f48c,36,9,FUN_80021a58|FUN_8003fcf8|FUN_8007c540,FUN_8003f0c8,,no,asm,,
0x8003F4B0,FUN_8003f4b0,116,29,FUN_8007c540,FUN_8003d89c|FUN_8003f550,,no,asm,,
0x8003F524,FUN_8003f524,44,11,FUN_80040258|FUN_80040c58,FUN_8003f550,,no,asm,,
0x8003F550,FUN_8003f550,392,98,FUN_800218e0|FUN_800233e8|FUN_8003e848|FUN_8003f4b0|FUN_8003f524|FUN_8003f898,FUN_8003f08c|FUN_8003f0c8|FUN_8003f2c8,,yes,asm,,
0x8003F6D8,FUN_8003f6d8,36,9,FUN_80025ad4,FUN_8003f720,,no,asm,,
0x8003F6FC,FUN_8003f6fc,36,9,FUN_80025ad4|FUN_8002896c|FUN_80045100|FUN_8007a994|FUN_8007b2ac|FUN_8007bf00|FUN_8007cb6c|FUN_8007d32c|FUN_8007f810|FUN_80080cbc|FUN_80081a9c|FUN_800838f8|FUN_8008b338|FUN_8008cb88|FUN_8008f19c|FUN_80090a88,FUN_8003f720,,no,asm,,
0x8003F720,FUN_8003f720,152,38,FUN_8003f6d8|FUN_8003f6fc|FUN_80041be8,FUN_8003d89c|FUN_8003f898,,no,asm,,
0x8003F7B8,FUN_8003f7b8,224,56,FUN_8007c540,FUN_8003d89c|FUN_8003ff20,,no,asm,,
0x8003F898,FUN_8003f898,376,94,FUN_8003f720|FUN_8003fa10|FUN_80040c58|FUN_80041c6c|FUN_8004214c,FUN_8003de88|FUN_8003e784|FUN_8003f0c8|FUN_8003f550|FUN_8003ff20,,yes,asm,,
0x8003FA10,FUN_8003fa10,280,70,FUN_80038208|FUN_80042234,FUN_8003d89c|FUN_8003f898,,no,asm,,
0x8003FB28,FUN_8003fb28,92,23,FUN_8003fb84,,,no,asm,,
0x8003FB84,FUN_8003fb84,288,72,FUN_80023544,FUN_8003fb28,,yes,asm,,
0x8003FCA4,FUN_8003fca4,40,10,FUN_800233e8,,,no,asm,,
0x8003FCCC,FUN_8003fccc,44,11,FUN_80022f24|FUN_8002310c|FUN_800231a8|FUN_80023258|FUN_800234fc,,,no,asm,,
0x8003FCF8,FUN_8003fcf8,100,25,FUN_80023088|FUN_80023258|FUN_8003e848|FUN_8003fd5c,FUN_8003f48c,,no,asm,,
0x8003FD5C,FUN_8003fd5c,288,72,FUN_8003fe7c|FUN_8003fec4,FUN_800209bc|FUN_800209fc|FUN_80023088|FUN_8002310c|FUN_80023cf8|FUN_8002b4ac|FUN_8003f0c8|FUN_8003fcf8|FUN_8004170c,,yes,asm,,
0x8003FE7C,FUN_8003fe7c,72,18,FUN_800252b0|FUN_80025448|FUN_80027e90|FUN_80088edc,FUN_800231a8|FUN_8002bd18|FUN_8003fd5c,,yes,asm,,
0x8003FEC4,FUN_8003fec4,92,23,FUN_800269c0|FUN_80027e90,FUN_800234ec|FUN_800234fc|FUN_8002b438|FUN_8003fd5c,,no,asm,,
0x8003FF20,FUN_8003ff20,336,84,FUN_8003e848|FUN_8003f7b8|FUN_8003f898|FUN_80040b08|FUN_80040c58,FUN_800237ac|FUN_80040070,,no,asm,,
0x80040070,FUN_80040070,48,12,FUN_8002181c|FUN_800218e0|FUN_8003ff20|FUN_800400a0,,,yes,asm,,
0x800400A0,FUN_800400a0,68,17,FUN_80022f24|FUN_80023258|FUN_8003d740|FUN_8003e848|FUN_80040b08|FUN_80040c58|FUN_8007c540,FUN_8002387c|FUN_80040070,,no,asm,,
0x800400E4,FUN_800400e4,100,25,FUN_8003d04c,FUN_8003dc58,,no,asm,,
0x80040148,FUN_80040148,132,33,FUN_80023544,,,yes,asm,,
0x800401CC,FUN_800401cc,8,2,FUN_80023630,,,no,asm,,
0x800401D4,FUN_800401d4,44,11,FUN_80052100,,,no,asm,,
0x80040200,FUN_80040200,44,11,FUN_80052100,,,no,asm,,
0x8004022C,FUN_8004022c,44,11,FUN_8003cf48,,,yes,asm,,
0x80040258,FUN_80040258,936,234,FUN_8004e830,FUN_8003d89c|FUN_8003f524|FUN_80040600|FUN_80041dc4|FUN_8005e840,,yes,asm,,
0x80040600,FUN_80040600,1288,322,FUN_80040258|FUN_80056c6c,FUN_8003da74|FUN_8003dbb0|FUN_8003dc28|FUN_8003dc58|FUN_8003dd00,,no,asm,,
0x80040B08,FUN_80040b08,336,84,FUN_80040c58,FUN_80023910|FUN_8003d89c|FUN_8003ff20|FUN_800400a0,,no,asm,,
0x80040C58,FUN_80040c58,2468,617,FUN_8003e848,FUN_8003d89c|FUN_8003dc58|FUN_8003de88|FUN_8003e784|FUN_8003f0c8|FUN_8003f524|FUN_8003f898|FUN_8003ff20|FUN_800400a0|FUN_80040b08|FUN_800415fc|FUN_80041948|FUN_8005e840,,no,asm,,
0x800415FC,FUN_800415fc,272,68,FUN_8003dc58|FUN_8003e848|FUN_80040c58,FUN_80023910|FUN_8003f0c8,,no,asm,,
0x8004170C,FUN_8004170c,224,56,FUN_8003fd5c,FUN_80023910|FUN_8003f0c8,,no,asm,,
0x800417EC,FUN_800417ec,348,87,FUN_8004d470,FUN_8003dc58|FUN_8003f0c8,,no,asm,,
0x80041948,FUN_80041948,380,95,FUN_8003e848|FUN_80040c58,FUN_800184b0|FUN_80019644|FUN_80019b8c,,no,asm,,
0x80041AC4,FUN_80041ac4,72,18,FUN_80041be8|FUN_80041c6c,,,no,asm,,
0x80041B0C,FUN_80041b0c,220,55,FUN_80041be8|FUN_80041c6c,FUN_8003da74|FUN_8003dbb0|FUN_8003dc28,,no,asm,,
0x80041BE8,FUN_80041be8,132,33,FUN_8005ffbc,FUN_8003f720|FUN_80041ac4|FUN_80041b0c,,no,asm,,
0x80041C6C,FUN_80041c6c,344,86,FUN_8002de7c,FUN_8003d89c|FUN_8003f898|FUN_80041ac4|FUN_80041b0c,,no,asm,,
0x80041DC4,FUN_80041dc4,112,28,FUN_80040258|FUN_80041e34,,,no,asm,,
0x80041E34,FUN_80041e34,508,127,FUN_80022908,FUN_80041dc4,,yes,asm,,
0x80042030,FUN_80042030,284,71,FUN_8003e848,FUN_8001957c|FUN_80061c40,,no,asm,,
0x8004214C,FUN_8004214c,232,58,FUN_8003e848,FUN_8003d89c|FUN_8003f898,,no,asm,,
0x80042234,FUN_80042234,124,31,FUN_8003e848,FUN_8003fa10,,yes,asm,,
0x800422B0,FUN_800422b0,64,16,FUN_8003e848,,,no,asm,,
0x800422F0,FUN_800422f0,32,8,FUN_80024284,FUN_800446b8,,no,asm,,
0x80042310,FUN_80042310,32,8,FUN_8002456c,FUN_80044748,,no,asm,,
0x80042330,FUN_80042330,252,63,FUN_80026f28,FUN_8005d258,,yes,asm,,
0x8004242C,FUN_8004242c,280,70,FUN_80042544|FUN_8004274c|FUN_8004304c|FUN_800430e4,,,no,asm,,
0x80042544,FUN_80042544,520,130,FUN_80043520,FUN_8001ab58|FUN_8004242c|FUN_80066c4c,,no,asm,,
0x8004274C,FUN_8004274c,644,161,FUN_80043520,FUN_8001ab58|FUN_8004242c|FUN_80066c4c,,no,asm,,
0x800429D0,FUN_800429d0,1660,415,FUN_80043520,FUN_80019608|FUN_80019bfc|FUN_8002b0f4|FUN_8002b920|FUN_8004463c|FUN_80044944|FUN_800451e8|FUN_8004c834|FUN_80065f60|FUN_80065f7c|ratan2,Reduce Speed|Storm Alert!|Twister Alert!|Freeze Alert!|WRONG WAY|RACE COMPLETED|REPLAY|Press,no,asm,,
0x8004304C,FUN_8004304c,152,38,FUN_80043520,FUN_8004242c|FUN_80066c4c,,no,asm,,
0x800430E4,FUN_800430e4,1084,271,FUN_80043520,FUN_800176c0|FUN_8001ab58|FUN_8004242c|FUN_8004463c|FUN_80044944|FUN_80066c4c|sprintf,%03ld,yes,asm,,
0x80043520,FUN_80043520,2664,666,FUN_80026d7c,FUN_8002cd84|FUN_80042544|FUN_8004274c|FUN_800429d0|FUN_8004304c|FUN_800430e4|FUN_8004463c|FUN_80044944|FUN_800451e8|sprintf,lap %ld/%ld  |%02ld:%02ld.%02ld|AI Car %d (power = %ld/%ld)|%02ld.%01ld %s|(Far) %s|GO!!!|%ld/%ld|total:|best:,no,asm,,
0x80043F88,FUN_80043f88,384,96,FUN_80044108,,,yes,asm,,
0x80044108,FUN_80044108,80,20,FUN_800446b8,FUN_80043f88,,yes,asm,,
0x80044158,FUN_80044158,36,9,FUN_800447b8|FUN_80044a44|FUN_80045140|FUN_800451e8,,,no,asm,,
0x8004417C,FUN_8004417c,40,10,FUN_800441a4,,,no,asm,,
0x800441A4,FUN_800441a4,552,138,FUN_80044690,FUN_80017154|FUN_8001ce04|FUN_8004417c|FUN_800443cc|FUN_8004463c,,yes,asm,,
0x800443CC,FUN_800443cc,552,138,FUN_800441a4,DrawSync|LoadImage,,yes,asm,,
0x800445F4,FUN_800445f4,60,15,FUN_8004463c,,,yes,asm,,
0x8004463C,FUN_8004463c,84,21,FUN_800299a8|FUN_800429d0|FUN_800430e4|FUN_80043520|FUN_800441a4|FUN_80079814|FUN_8007a780|FUN_8007b2ac|FUN_8007cb6c|FUN_8007d32c|FUN_8007ddb4|FUN_8007ea64|FUN_8007f810|FUN_80080cbc|FUN_80081a9c|FUN_800838f8|FUN_800855a0|FUN_80085d90|FUN_80087130|FUN_80087fa8|FUN_8008b338|FUN_8008b6b4|FUN_8008c5c0|FUN_8008cb88|FUN_8008d064|FUN_8008d5f4|FUN_8008ec2c,FUN_800445f4,,yes,asm,,
0x80044690,FUN_80044690,40,10,FUN_80024710,FUN_800441a4,,no,asm,,
0x800446B8,FUN_800446b8,144,36,FUN_80024080|FUN_800422f0,FUN_80044108,,yes,asm,,
0x80044748,FUN_80044748,112,28,FUN_800241d4|FUN_80042310,FUN_8001745c,,yes,asm,,
0x800447B8,FUN_800447b8,396,99,FUN_80044944|FUN_80044d24,FUN_80044158,,yes,asm,,
0x80044944,FUN_80044944,256,64,FUN_80025ad4|FUN_80026dbc|FUN_80026f28|FUN_8002767c|FUN_8002896c|FUN_800429d0|FUN_800430e4|FUN_80043520|FUN_80045098|FUN_80081a9c|FUN_800855a0|FUN_80085d90|FUN_8008b338|FUN_8008c5c0|FUN_8008cb88|FUN_8008d064|FUN_8008d5f4|FUN_8008ee98|FUN_8008efec,FUN_800447b8,,yes,asm,,
0x80044A44,FUN_80044a44,736,184,FUN_8008d5f4,FUN_80044158,,yes,asm,,
0x80044D24,FUN_80044d24,884,221,FUN_8007a780|FUN_8007d32c|FUN_8007f810|FUN_80080cbc|FUN_8008b6b4|FUN_8008cb88,FUN_800447b8|strlen,,yes,asm,,
0x80045098,FUN_80045098,104,26,FUN_80085d90,FUN_80044944|sprintf,,no,asm,,
0x80045100,FUN_80045100,64,16,FUN_80027e90,FUN_8003f6fc,,no,asm,,
0x80045140,FUN_80045140,168,42,FUN_80081a9c|FUN_800855a0|FUN_80085d90|FUN_8008d064|FUN_8008d5f4|FUN_8008ec2c|FUN_8008ee98|FUN_8008efec,FUN_80044158,,yes,asm,,
0x800451E8,FUN_800451e8,128,32,FUN_80025ad4|FUN_80026dbc|FUN_80026f28|FUN_8002767c|FUN_8002896c|FUN_800429d0|FUN_80043520,FUN_80044158,,yes,asm,,
0x80045268,FUN_80045268,1400,350,FUN_8006422c,,,yes,asm,,
0x800457E0,FUN_800457e0,4504,1126,FUN_8001551c,SquareRoot12,,yes,asm,,
0x80046978,FUN_80046978,16,4,FUN_80024080|FUN_80024284,,,yes,asm,,
0x80046988,FUN_80046988,16,4,FUN_800241d4|FUN_8002456c,,,yes,asm,,
0x80046998,FUN_80046998,284,71,FUN_80024710,FUN_800181ac|FUN_8001860c|FUN_800187d0|FUN_80018838,,yes,asm,,
0x80046AB4,FUN_80046ab4,40,10,FUN_800498e4,,,yes,asm,,
0x80046ADC,FUN_80046adc,216,54,FUN_80026900,FUN_80067890,,yes,asm,,
0x80046BB4,FUN_80046bb4,36,9,FUN_800477b4,,,yes,asm,,
0x80046BD8,FUN_80046bd8,20,5,FUN_800477b4,,,no,asm,,
0x80046BEC,FUN_80046bec,116,29,FUN_80047f5c,,,yes,asm,,
0x80046C60,FUN_80046c60,112,28,FUN_80024284,FUN_80017154|FUN_8001ce04,,yes,asm,,
0x80046CD0,FUN_80046cd0,40,10,FUN_8002456c,FUN_8001745c,,yes,asm,,
0x80046CF8,FUN_80046cf8,976,244,,FUN_8001006c|FUN_8001032c|FUN_80017154|FUN_80018208|FUN_80038208,,no,asm,,
0x800470C8,FUN_800470c8,448,112,FUN_800480c0,FUN_8001006c|FUN_8001032c|FUN_80017ad8|FUN_80019d28|FUN_80064acc,,no,asm,,
0x80047288,FUN_80047288,196,49,FUN_80048150,FUN_80019644|FUN_80038208,,no,asm,,
0x8004734C,FUN_8004734c,172,43,FUN_800477b4,,,no,asm,,
0x800473F8,FUN_800473f8,956,239,FUN_800477b4,FUN_80018208|FUN_800184b0,,no,asm,,
0x800477B4,FUN_800477b4,1484,371,,FUN_8001010c|FUN_8001032c|FUN_80016d4c|FUN_80018208|FUN_80019e98|FUN_80036fb4|FUN_80038208|FUN_80046bb4|FUN_80046bd8|FUN_8004734c|FUN_800473f8,,yes,asm,,
0x80047D80,FUN_80047d80,476,119,FUN_800480c0,FUN_80019d28|FUN_80064acc,,no,asm,,
0x80047F5C,FUN_80047f5c,356,89,FUN_80048150,FUN_80039a80|FUN_80046bec,,yes,asm,,
0x800480C0,FUN_800480c0,144,36,FUN_80038998,FUN_800470c8|FUN_80047d80,,no,asm,,
0x80048150,FUN_80048150,108,27,FUN_80038b50,FUN_80047288|FUN_80047f5c,,no,asm,,
0x800482DC,FUN_800482dc,236,59,FUN_800487e8,FUN_800176c0,,no,asm,,
0x800483C8,FUN_800483c8,140,35,FUN_80048454,,,no,asm,,
0x80048454,FUN_80048454,60,15,FUN_800487e8,FUN_800483c8,,no,asm,,
0x80048490,FUN_80048490,156,39,FUN_800487e8,,,no,asm,,
0x8004852C,FUN_8004852c,168,42,FUN_800487e8,,,no,asm,,
0x800485D4,FUN_800485d4,48,12,FUN_800487e8,,,no,asm,,
0x80048604,FUN_80048604,80,20,FUN_800487e8,,,no,asm,,
0x80048654,FUN_80048654,208,52,FUN_800487e8,,,no,asm,,
0x80048724,FUN_80048724,196,49,FUN_800487e8,,,no,asm,,
0x800487E8,FUN_800487e8,792,198,FUN_80038ccc,FUN_80015928|FUN_800482dc|FUN_80048454|FUN_80048490|FUN_8004852c|FUN_800485d4|FUN_80048604|FUN_80048654|FUN_80048724,,no,asm,,
0x80048B00,FUN_80048b00,100,25,FUN_800359bc|FUN_80048cdc,FUN_80017154|FUN_8001cc5c|FUN_80035c28|FUN_80035d88,,no,asm,,
0x80048B64,FUN_80048b64,376,94,FUN_80038208,FUN_80017154|FUN_80017ad8|FUN_80035b18,,no,asm,,
0x80048CDC,FUN_80048cdc,76,19,FUN_8004942c,FUN_8001745c|FUN_800187d0|FUN_80048b00,,no,asm,,
0x80048D28,FUN_80048d28,52,13,FUN_80024284,,,yes,asm,,
0x80048D5C,FUN_80048d5c,144,36,FUN_8002456c,FUN_80049360|FUN_80049688,,yes,asm,,
0x80048DEC,FUN_80048dec,152,38,FUN_80026f28|FUN_8002767c,,,no,asm,,
0x80048E84,FUN_80048e84,244,61,FUN_80026f28|FUN_8002767c,FUN_8003dc58,,no,asm,,
0x80048F78,FUN_80048f78,588,147,FUN_80026f28|FUN_8002767c,FUN_8002c1a8|FUN_80039330|FUN_8003dc58|FUN_80049688,,no,asm,,
0x800491C4,FUN_800491c4,40,10,FUN_800491ec|FUN_800492c0,,,yes,asm,,
0x800491EC,FUN_800491ec,156,39,FUN_8002e808|FUN_8002e94c|FUN_8003132c|FUN_80049288,FUN_80017154|FUN_800491c4,,yes,asm,,
0x80049288,FUN_80049288,56,14,FUN_8004942c,FUN_800491ec,,no,asm,,
0x800492C0,FUN_800492c0,160,40,FUN_80060800,FUN_80017154|FUN_800491c4,,yes,asm,,
0x80049360,FUN_80049360,204,51,FUN_80026f28|FUN_8002767c|FUN_80048d5c,FUN_8001745c|FUN_8006079c,,yes,asm,,
0x8004942C,FUN_8004942c,508,127,FUN_80024710,FUN_8001745c|FUN_80018788|FUN_800187d0|FUN_80018838|FUN_8002ca3c|FUN_800317a0|FUN_80035764|FUN_8003c138|FUN_80048cdc|FUN_80049288|FUN_8006a7dc|FUN_8006e548|FUN_80070dc8|FUN_80072208|FUN_80075854,,no,asm,,
0x80049628,FUN_80049628,96,24,FUN_80024710,FUN_8001860c|FUN_80018640|FUN_80018690|FUN_80018788,,no,asm,,
0x80049688,FUN_80049688,148,37,FUN_8002c594|FUN_8003477c|FUN_80048d5c|FUN_80048f78|FUN_8004b214,FUN_8003dc58|FUN_80067890,,no,asm,,
0x8004971C,FUN_8004971c,108,27,FUN_80049788,,,yes,asm,,
0x80049788,FUN_80049788,108,27,FUN_800497f4|FUN_800498e4|FUN_800499b4|FUN_80049a40|FUN_80067890,FUN_8004971c,,no,asm,,
0x800497F4,FUN_800497f4,240,60,FUN_800269c0,FUN_80049788,,yes,asm,,
0x800498E4,FUN_800498e4,208,52,FUN_80067890,FUN_8003938c|FUN_80046ab4|FUN_80049788,,yes,asm,,
0x800499B4,FUN_800499b4,140,35,FUN_80067890,FUN_80049788,,yes,asm,,
0x80049A40,FUN_80049a40,140,35,FUN_80067890,FUN_80049788,,yes,asm,,
0x80049ACC,FUN_80049acc,96,24,FUN_80067890,,,yes,asm,,
0x80049B2C,FUN_80049b2c,72,18,FUN_80049b74|FUN_80049e2c,FUN_80067890,,no,asm,,
0x80049B74,FUN_80049b74,696,174,FUN_80026f28,FUN_8003da74|FUN_8003dbb0|FUN_8003dc58|FUN_80049b2c,,yes,asm,,
0x80049E2C,FUN_80049e2c,828,207,FUN_8002767c,FUN_8003da74|FUN_8003dbb0|FUN_8003dc58|FUN_80049b2c,,yes,asm,,
0x8004A168,FUN_8004a168,152,38,FUN_80067890,,,yes,asm,,
0x8004A200,FUN_8004a200,424,106,FUN_8004bc80,FUN_8002c1a8,,no,asm,,
0x8004A3A8,FUN_8004a3a8,756,189,FUN_8004a69c|FUN_8004bfac,FUN_800181ac|FUN_800a4d80,,no,asm,,
0x8004A69C,FUN_8004a69c,2248,562,FUN_8004b214,FUN_800176c0|FUN_80019608|FUN_80019bfc|FUN_8004a3a8|ratan2,,no,asm,,
0x8004AF64,FUN_8004af64,688,172,FUN_8004b214,,,no,asm,,
0x8004B214,FUN_8004b214,2144,536,FUN_8004bc80,FUN_80015880|FUN_80015928|FUN_80016784|FUN_800176c0|FUN_80017ad8|FUN_8002c1e8|FUN_80034ba4|FUN_80049688|FUN_8004a69c|FUN_8004af64|FUN_80064acc|ratan2,,no,asm,,
0x8004BA74,FUN_8004ba74,524,131,FUN_8004bc80,FUN_80065488,,no,asm,,
0x8004BC80,FUN_8004bc80,148,37,FUN_80034d18,FUN_8004a200|FUN_8004b214|FUN_8004ba74,,no,asm,,
0x8004BD14,FUN_8004bd14,96,24,FUN_8004bfac,,,no,asm,,
0x8004BD74,FUN_8004bd74,128,32,FUN_8003132c|FUN_8003219c|FUN_800323f0|FUN_8004e830|FUN_800727bc,,,no,asm,,
0x8004BDF4,FUN_8004bdf4,216,54,FUN_80030928,FUN_80019608|FUN_80019bfc|ratan2,,no,asm,,
0x8004BECC,FUN_8004becc,224,56,FUN_8002c1e8|FUN_8002ea48|FUN_8004c5dc|FUN_8004e830|FUN_800727bc|FUN_80072dd4,FUN_80019608,,no,asm,,
0x8004BFAC,FUN_8004bfac,956,239,FUN_8003496c,FUN_800176c0|FUN_80019608|FUN_80019bfc|FUN_8004a3a8|FUN_8004bd14|FUN_80064acc|ratan2,,no,asm,,
0x8004C368,FUN_8004c368,540,135,FUN_80024710,FUN_8001860c|FUN_80018640|FUN_80018898|FUN_80065488|FUN_80065ee8,,yes,asm,,
0x8004C584,FUN_8004c584,12,3,FUN_80024284,,,yes,asm,,
0x8004C5DC,FUN_8004c5dc,600,150,FUN_8004c834|FUN_80052dbc,FUN_800184b0|FUN_80019da4|FUN_8004becc|FUN_80064acc|FUN_80065fe8,,no,asm,,
0x8004C834,FUN_8004c834,412,103,FUN_8002ea48|FUN_800429d0|FUN_8004cae8|FUN_80055748|FUN_80056c6c,FUN_8004c5dc,,no,asm,,
0x8004C9D0,FUN_8004c9d0,280,70,FUN_8004cae8,FUN_80059870|FUN_800598dc,,no,asm,,
0x8004CAE8,FUN_8004cae8,716,179,FUN_8005ffbc,FUN_8001d9e4|FUN_8002b0f4|FUN_8002b920|FUN_8004c834|FUN_8004c9d0|FUN_8005967c|FUN_80059870|FUN_80059a50|FUN_80059aa4|FUN_8005fbfc,,yes,asm,,
0x8004CDB4,FUN_8004cdb4,1464,366,FUN_8005610c|FUN_80056c6c,FUN_800176c0|FUN_800184b0|FUN_80019518|FUN_80019b8c|FUN_80019da4|SquareRoot12,,no,asm,,
0x8004D36C,FUN_8004d36c,224,56,FUN_8004dc1c,,,no,asm,,
0x8004D44C,FUN_8004d44c,36,9,FUN_8002cfbc|FUN_8005fca4,FUN_80017154,,no,asm,,
0x8004D470,FUN_8004d470,128,32,,FUN_8001745c|FUN_800417ec|FUN_80075c08|FUN_800787d0,,no,asm,,
0x8004D4F0,FUN_8004d4f0,376,94,FUN_8004e830|FUN_8005bebc,,,no,asm,,
0x8004D668,FUN_8004d668,148,37,FUN_8004d6fc|FUN_8004d8dc|FUN_800779a0,,,no,asm,,
0x8004D6FC,FUN_8004d6fc,96,24,FUN_8004db30,FUN_8004d668,,no,asm,,
0x8004D75C,FUN_8004d75c,384,96,FUN_8004db30,,,no,asm,,
0x8004D8DC,FUN_8004d8dc,96,24,FUN_8004dc1c,FUN_8004d668,,no,asm,,
0x8004D93C,FUN_8004d93c,252,63,FUN_800598dc,,,no,asm,,
0x8004DA38,FUN_8004da38,196,49,FUN_8004dc1c,SquareRoot12,,no,asm,,
0x8004DAFC,FUN_8004dafc,52,13,FUN_80056c6c,,,no,asm,,
0x8004DB30,FUN_8004db30,236,59,FUN_8004e830,FUN_8004d6fc|FUN_8004d75c,,no,asm,,
0x8004DC1C,FUN_8004dc1c,576,144,FUN_8004e830,FUN_8004d36c|FUN_8004d8dc|FUN_8004da38|FUN_8004e1b4,,no,asm,,
0x8004DE5C,FUN_8004de5c,48,12,FUN_8005cd50,FUN_80017154,,yes,asm,,
0x8004DE8C,FUN_8004de8c,808,202,FUN_8002c894,FUN_8001745c|FUN_80019b8c|FUN_80019da4|FUN_8003dc58,,yes,asm,,
0x8004E1B4,FUN_8004e1b4,1296,324,FUN_8004dc1c|FUN_8005cd50,,,no,asm,,
0x8004E6C4,FUN_8004e6c4,364,91,FUN_8004ffec|FUN_80055748|FUN_80055f44|FUN_8005610c|FUN_80056c6c|FUN_80059f0c|FUN_8005a534|FUN_8005b068|FUN_8005bebc,,,no,asm,,
0x8004E830,FUN_8004e830,1472,368,FUN_8002cfbc|FUN_8005fca4,FUN_80013c20|FUN_800184b0|FUN_80019da4|FUN_8001de5c|FUN_80040258|FUN_8004bd74|FUN_8004becc|FUN_8004d4f0|FUN_8004db30|FUN_8004dc1c|FUN_80064acc|FUN_80075a9c|FUN_800779a0|SquareRoot12,,no,asm,,
0x8004EDF0,FUN_8004edf0,168,42,FUN_8004ef54,,,no,asm,,
0x8004EE98,FUN_8004ee98,188,47,FUN_8004ef54,,,no,asm,,
0x8004EF54,FUN_8004ef54,1528,382,FUN_8004f54c,FUN_800176c0|FUN_8004edf0|FUN_8004ee98,,no,asm,,
0x8004F54C,FUN_8004f54c,240,60,FUN_8006422c,FUN_8004ef54,,no,asm,,
0x8004F63C,FUN_8004f63c,20,5,FUN_800524b4|FUN_80052dbc,,,no,asm,,
0x8004F650,FUN_8004f650,1216,304,FUN_8004fb10|FUN_8005610c,FUN_800184b0|FUN_80019b8c|FUN_80065844,,no,asm,,
0x8004FB10,FUN_8004fb10,100,25,FUN_80056c6c,FUN_8004f650,,no,asm,,
0x8004FB74,FUN_8004fb74,608,152,FUN_8004fdd4|FUN_8005610c,,,no,asm,,
0x8004FDD4,FUN_8004fdd4,412,103,FUN_80056c6c,FUN_8004fb74|FUN_80064acc,,no,asm,,
0x8004FF70,FUN_8004ff70,124,31,FUN_8004ffec|FUN_80052dbc|FUN_80056c6c|FUN_8005b2a0,,,no,asm,,
0x8004FFEC,FUN_8004ffec,324,81,FUN_80050130|FUN_8005b2a0,FUN_800184b0|FUN_80019518|FUN_80019bfc|FUN_8004e6c4|FUN_8004ff70|SquareRoot12,,no,asm,,
0x80050130,FUN_80050130,136,34,FUN_8002f268,FUN_8003da74|FUN_8004ffec,,no,asm,,
0x800501B8,FUN_800501b8,88,22,FUN_8002ec00,FUN_8003dc58,,no,asm,,
0x80050210,FUN_80050210,7920,1980,FUN_80055748|FUN_8005610c|FUN_80056c6c,FUN_80018208|FUN_80019518|FUN_80019644|FUN_800198a8|FUN_800199fc|FUN_80019b8c|FUN_80019bfc|FUN_80019da4|FUN_80060540|FUN_8007734c|FUN_800773d4|SquareRoot12,,no,asm,,
0x80052100,FUN_80052100,948,237,FUN_80055748|FUN_8005c05c,FUN_8003da74|FUN_800401d4|FUN_80040200,,no,asm,,
0x800524B4,FUN_800524b4,1716,429,FUN_80056c6c,FUN_80019b8c|FUN_8002b0f4|FUN_8002b920|FUN_8004f63c|FUN_80078bb8|FUN_80078c24,,no,asm,,
0x80052B68,FUN_80052b68,596,149,FUN_80056c6c,,,no,asm,,
0x80052DBC,FUN_80052dbc,6652,1663,FUN_80056c6c,FUN_80019b8c|FUN_8004c5dc|FUN_8004f63c|FUN_8004ff70,,yes,asm,,
0x800547B8,FUN_800547b8,604,151,FUN_80056c6c,FUN_80019b8c,,no,asm,,
0x80054A14,FUN_80054a14,1532,383,FUN_8005610c|FUN_80056c6c,FUN_800184b0|FUN_80019518|FUN_8002b0f4|FUN_8002b920|SquareRoot12,,no,asm,,
0x80055010,FUN_80055010,1848,462,FUN_8005610c|FUN_80056c6c,,,no,asm,,
0x80055748,FUN_80055748,2044,511,FUN_8005610c|FUN_80056c6c,FUN_800199fc|FUN_80019b8c|FUN_80019bfc|FUN_800352f8|FUN_8003dc58|FUN_8004c834|FUN_8004e6c4|FUN_80050210|FUN_80052100|FUN_80059b04|FUN_80065844|FUN_8007734c,,no,asm,,
0x80055F44,FUN_80055f44,456,114,FUN_8005610c|FUN_80056c6c,FUN_8002b0f4|FUN_8002b920|FUN_8004e6c4,,no,asm,,
0x8005610C,FUN_8005610c,2912,728,FUN_8002c894,FUN_80015880|FUN_80015928|FUN_80016784|FUN_800184b0|FUN_800198a8|FUN_80019bfc|FUN_8004cdb4|FUN_8004e6c4|FUN_8004f650|FUN_8004fb74|FUN_80050210|FUN_80054a14|FUN_80055010|FUN_80055748|FUN_80055f44|FUN_80064acc|FUN_80065ee8,,no,asm,,
0x80056C6C,FUN_80056c6c,10768,2692,FUN_80030cac,FUN_80013b20|FUN_80015880|FUN_80015928|FUN_80016784|FUN_800176c0|FUN_800181ac|FUN_800184b0|FUN_800198a8|FUN_80019b8c|FUN_80019bfc|FUN_800352f8|FUN_8003dbb0|FUN_80040600|FUN_8004c834|FUN_8004cdb4|FUN_8004dafc|FUN_8004e6c4|FUN_8004fb10|FUN_8004fdd4|FUN_8004ff70|FUN_80050210|FUN_800524b4|FUN_80052b68|FUN_80052dbc|FUN_800547b8|FUN_80054a14|FUN_80055010|FUN_80055748|FUN_80055f44|FUN_8005967c|FUN_80059870|FUN_80060540|FUN_800646e4|FUN_80065230|FUN_80076500|FUN_8007734c|FUN_800773d4|FUN_80077c60|FUN_800786b0|FUN_800787d0|FUN_80078878|FUN_800788c4|FUN_80078c24|FUN_80078c48|FUN_80078c88|ratan2,,no,asm,,
0x8005967C,FUN_8005967c,500,125,FUN_80030cac|FUN_8004cae8|FUN_80056c6c,,,no,asm,,
0x80059870,FUN_80059870,108,27,FUN_80030cac|FUN_8004c9d0|FUN_8004cae8|FUN_80056c6c,,,no,asm,,
0x800598DC,FUN_800598dc,364,91,FUN_80030cac|FUN_8004c9d0,FUN_8004d93c,,no,asm,,
0x80059A48,FUN_80059a48,8,2,FUN_8002f4ac,,,no,asm,,
0x80059A50,FUN_80059a50,84,21,FUN_8004cae8,,,no,asm,,
0x80059AA4,FUN_80059aa4,88,22,FUN_8004cae8,,,no,asm,,
0x80059AFC,FUN_80059afc,8,2,FUN_8002cfbc,,,no,asm,,
0x80059B04,FUN_80059b04,1032,258,FUN_80055748|FUN_80059f0c,FUN_80018448,,no,asm,,
0x80059F0C,FUN_80059f0c,1576,394,FUN_8005c05c,FUN_80019518|FUN_800199fc|FUN_80019b8c|FUN_8004e6c4|FUN_80059b04,,no,asm,,
0x8005A534,FUN_8005a534,2868,717,FUN_8005c05c,FUN_800184b0|FUN_800198a8|FUN_8004e6c4|FUN_80060540,,no,asm,,
0x8005B068,FUN_8005b068,324,81,FUN_8005b2a0,FUN_800184b0|FUN_80019bfc|FUN_80019da4|FUN_8004e6c4,,no,asm,,
0x8005B1AC,FUN_8005b1ac,244,61,FUN_800323f0,FUN_800194a0,,no,asm,,
0x8005B2A0,FUN_8005b2a0,360,90,FUN_8002f268,FUN_800194a0|FUN_8004ff70|FUN_8004ffec|FUN_8005b068|FUN_8007734c,,no,asm,,
0x8005B408,FUN_8005b408,600,150,FUN_8005ba30,,,no,asm,,
0x8005B660,FUN_8005b660,488,122,FUN_8005ba30,,,yes,asm,,
0x8005B848,FUN_8005b848,488,122,FUN_8005ba30,,,yes,asm,,
0x8005BA30,FUN_8005ba30,1164,291,FUN_8005c05c,FUN_8005b408|FUN_8005b660|FUN_8005b848,,no,asm,,
0x8005BEBC,FUN_8005bebc,416,104,FUN_8005c05c,FUN_800181ac|FUN_8004d4f0|FUN_8004e6c4,,no,asm,,
0x8005C05C,FUN_8005c05c,3316,829,FUN_8005cdb8,FUN_80018208|FUN_80019518|FUN_8002b0f4|FUN_8002b920|FUN_80052100|FUN_80059f0c|FUN_8005a534|FUN_8005ba30|FUN_8005bebc|FUN_8007734c|SquareRoot12,,yes,asm,,
0x8005CD50,FUN_8005cd50,104,26,FUN_8005cdb8,FUN_8004de5c|FUN_8004e1b4,,no,asm,,
0x8005CDB8,FUN_8005cdb8,1168,292,FUN_8002c6a0,FUN_8005c05c|FUN_8005cd50,,no,asm,,
0x8005D248,FUN_8005d248,8,2,FUN_80024284,,,no,asm,,
0x8005D250,FUN_8005d250,8,2,FUN_8002456c,,,no,asm,,
0x8005D258,FUN_8005d258,88,22,FUN_80042330|FUN_8005ed10|FUN_800723f8|FUN_8007264c|FUN_800727bc|FUN_80072ae8|FUN_80073054|FUN_80073500|FUN_80073808|FUN_80074264,,,no,asm,,
0x8005D2B0,FUN_8005d2b0,24,6,FUN_8005d2c8,,,no,asm,,
0x8005D2C8,FUN_8005d2c8,512,128,FUN_800723f8|FUN_800727bc|FUN_80072ae8|FUN_80073500|FUN_80073808,FUN_80018208|FUN_8005d2b0,,no,asm,,
0x8005D4C8,FUN_8005d4c8,496,124,FUN_8003132c,FUN_800168e0|SquareRoot12,,yes,asm,,
0x8005D6B8,FUN_8005d6b8,1504,376,FUN_8005dc98|FUN_800723f8|FUN_800727bc|FUN_80072ae8|FUN_80073054|FUN_80073500,FUN_800184b0|FUN_800194a0|FUN_80019b8c|FUN_80019bfc|FUN_80064acc|FUN_80065844,,no,asm,,
0x8005DC98,FUN_8005dc98,2652,663,FUN_8005f034,FUN_80016d38|FUN_800184b0|FUN_80019518|FUN_80019644|FUN_80019b8c|FUN_80019bfc|FUN_80019da4|FUN_8005d6b8|FUN_80064acc|FUN_80065844|SquareRoot12,,no,asm,,
0x8005E6F4,FUN_8005e6f4,228,57,,,,no,asm,,
0x8005E7D8,FUN_8005e7d8,24,6,FUN_8003132c,,,no,asm,,
0x8005E7F0,FUN_8005e7f0,28,7,FUN_8003014c|FUN_80035914|FUN_800644c0,,,no,asm,,
0x8005E80C,FUN_8005e80c,52,13,FUN_800299a8,,,no,asm,,
0x8005E840,FUN_8005e840,112,28,FUN_80040258|FUN_80040c58,,,no,asm,,
0x8005E8B0,FUN_8005e8b0,1120,280,FUN_8005ed10|FUN_8005f034,SquareRoot12,,no,asm,,
0x8005ED10,FUN_8005ed10,700,175,FUN_8005efcc|FUN_8005f034,FUN_80016bac|FUN_80016bfc|FUN_8005d258|FUN_8005e8b0|FUN_80073ecc|FUN_80074118,,no,asm,,
0x8005EFCC,FUN_8005efcc,32,8,FUN_80025ad4|FUN_8005f708,FUN_8005ed10,,no,asm,,
0x8005EFEC,FUN_8005efec,72,18,FUN_80025ad4|FUN_8005f708,,,no,asm,,
0x8005F034,FUN_8005f034,1748,437,FUN_80025ad4|FUN_80026f28|FUN_8002767c|FUN_80030cac,FUN_80016bfc|FUN_80017a68|FUN_8005dc98|FUN_8005e8b0|FUN_8005ed10|FUN_80074118|FUN_80074264|ratan2,,no,asm,,
0x8005F708,FUN_8005f708,284,71,FUN_8005ffbc,FUN_8005efcc|FUN_8005efec|FUN_8005fbfc,,no,asm,,
0x8005F824,FUN_8005f824,260,65,FUN_8005fca4,FUN_80064acc,,no,asm,,
0x8005F928,FUN_8005f928,724,181,FUN_800269c0,FUN_8001d10c|FUN_8001d840|FUN_8001d9e4,,no,asm,,
0x8005FBFC,FUN_8005fbfc,88,22,FUN_80026f28|FUN_8002767c|FUN_80027e90|FUN_8004cae8|FUN_8005f708|FUN_8005ffbc,,,no,asm,,
0x8005FC54,FUN_8005fc54,80,20,FUN_800252b0|FUN_800269c0|FUN_800285e4,FUN_8001cf74,,no,asm,,
0x8005FCA4,FUN_8005fca4,564,141,,FUN_80017154|FUN_8002c894|FUN_8002cae0|FUN_8004d44c|FUN_8004e830|FUN_8005f824|FUN_80065488,,no,asm,,
0x8005FED8,FUN_8005fed8,228,57,FUN_8005ffbc,FUN_8002c1a8,,no,asm,,
0x8005FFBC,FUN_8005ffbc,468,117,FUN_80030cac,FUN_8001d28c|FUN_8001d37c|FUN_80041be8|FUN_8004cae8|FUN_8005f708|FUN_8005fbfc|FUN_8005fed8,,no,asm,,
0x80060540,FUN_80060540,100,25,FUN_80050210|FUN_80056c6c|FUN_8005a534,,,no,asm,,
0x800605A4,FUN_800605a4,40,10,FUN_80024284,FUN_80017154,,yes,asm,,
0x800605CC,FUN_800605cc,36,9,FUN_8002456c,FUN_8001745c,,yes,asm,,
0x800605F0,FUN_800605f0,428,107,FUN_80024710,FUN_800181ac|FUN_8001860c|FUN_80018788|FUN_800187d0|FUN_80018838|FUN_8002ca3c,,yes,asm,,
0x8006079C,FUN_8006079c,100,25,FUN_80049360,,,yes,asm,,
0x80060800,FUN_80060800,124,31,FUN_80060a60,FUN_800492c0|FUN_80067890,,no,asm,,
0x8006087C,FUN_8006087c,208,52,FUN_8006094c|FUN_800609c0,,,no,asm,,
0x8006094C,FUN_8006094c,116,29,FUN_80067890,FUN_8006087c,,yes,asm,,
0x800609C0,FUN_800609c0,160,40,FUN_80067890,FUN_8006087c,,yes,asm,,
0x80060A60,FUN_80060a60,312,78,FUN_80026f28|FUN_8002767c,FUN_80060800,,yes,asm,,
0x80060B98,FUN_80060b98,88,22,FUN_80024080|FUN_80024284,FUN_80017154,,yes,asm,,
0x80060BF0,FUN_80060bf0,96,24,FUN_800241d4|FUN_8002456c,FUN_8001745c,,yes,asm,,
0x80060C50,FUN_80060c50,228,57,FUN_80060f88,,,no,asm,,
0x80060D34,FUN_80060d34,596,149,FUN_80060f88,FUN_8001006c|FUN_8001032c,,no,asm,,
0x80060F88,FUN_80060f88,1068,267,FUN_800613b4,FUN_8001006c|FUN_8001032c|FUN_80017a68|FUN_8001802c|FUN_800199fc|FUN_80060c50|FUN_80060d34,,no,asm,,
0x800613B4,FUN_800613b4,596,149,FUN_80061608|FUN_80061708,FUN_80060f88,,no,asm,,
0x80061608,FUN_80061608,256,64,FUN_80061808,FUN_800613b4,,no,asm,,
0x80061708,FUN_80061708,256,64,FUN_80061808,FUN_800613b4,,no,asm,,
0x80061808,FUN_80061808,176,44,FUN_80061ba8,FUN_80061608|FUN_80061708,,yes,asm,,
0x800618B8,FUN_800618b8,340,85,FUN_80061ba8,,,yes,asm,,
0x80061A0C,FUN_80061a0c,284,71,FUN_80061ba8,,,yes,asm,,
0x80061B28,FUN_80061b28,128,32,FUN_8006422c,,,no,asm,,
0x80061BA8,FUN_80061ba8,152,38,FUN_800268c0,FUN_80061808|FUN_800618b8|FUN_80061a0c,,yes,asm,,
0x80061C40,FUN_80061c40,72,18,FUN_8002d4b0|FUN_80042030,,,yes,asm,,
0x80061C88,FUN_80061c88,72,18,FUN_800339b4,,,yes,asm,,
0x80061CD0,FUN_80061cd0,212,53,FUN_80024080|FUN_80024284,FUN_80017154,,yes,asm,,
0x80061DA4,FUN_80061da4,88,22,FUN_800241d4|FUN_8002456c,FUN_8001745c,,yes,asm,,
0x80061DFC,FUN_80061dfc,152,38,FUN_80062088,,,yes,asm,,
0x80061E94,FUN_80061e94,368,92,FUN_800269c0,,,yes,asm,,
0x80062004,FUN_80062004,132,33,FUN_80062088,,,no,asm,,
0x80062088,FUN_80062088,1528,382,FUN_80062680,FUN_800153e4|FUN_80017154|FUN_80061dfc|FUN_80062004|FUN_80067218|FUN_800673f8,,yes,asm,,
0x80062680,FUN_80062680,56,14,FUN_80024710,FUN_8001860c|FUN_80062088,,no,asm,,
0x800626B8,FUN_800626b8,464,116,FUN_80062970,,,no,asm,,
0x80062888,FUN_80062888,232,58,FUN_80062970,,,no,asm,,
0x80062970,FUN_80062970,1136,284,FUN_80062970|FUN_80062de0,FUN_800626b8|FUN_80062888|FUN_80062970,,no,asm,,
0x80062DE0,FUN_80062de0,1180,295,FUN_8006327c,FUN_80062970,,yes,asm,,
0x8006327C,FUN_8006327c,500,125,FUN_8006422c,FUN_80062de0|FUN_80063470,,yes,asm,,
0x80063470,FUN_80063470,844,211,FUN_8006327c,,,yes,asm,,
0x800637BC,FUN_800637bc,296,74,FUN_800644c0,FUN_80063928,,yes,asm,,
0x800638E4,FUN_800638e4,68,17,FUN_80063928|FUN_80064134,,,no,asm,,
0x80063928,FUN_80063928,268,67,FUN_800637bc,FUN_800638e4|FUN_80063a34,,no,asm,,
0x80063A34,FUN_80063a34,192,48,FUN_80063928|FUN_80064134,,,no,asm,,
0x80063AF4,FUN_80063af4,276,69,FUN_80064078,,,yes,asm,,
0x80063C08,FUN_80063c08,1136,284,FUN_80064078,,,yes,asm,,
0x80064078,FUN_80064078,188,47,FUN_8006422c,FUN_80063af4|FUN_80063c08|FUN_80064134,,yes,asm,,
0x80064134,FUN_80064134,132,33,FUN_80064078,FUN_800638e4|FUN_80063a34,,no,asm,,
0x800641B8,FUN_800641b8,116,29,FUN_800644c0,,,yes,asm,,
0x8006422C,FUN_8006422c,660,165,FUN_80026940,FUN_8001032c|FUN_8001551c|FUN_80015f4c|FUN_80016a50|FUN_80030c28|FUN_80033724|FUN_80038ccc|FUN_80045268|FUN_8004f54c|FUN_80061b28|FUN_8006327c|FUN_80064078|SetDrawMove,,yes,asm,,
0x800644C0,FUN_800644c0,548,137,FUN_80026980,FUN_8001032c|FUN_80016a50|FUN_8005e7f0|FUN_800637bc|FUN_800641b8,,yes,asm,,
0x800646E4,FUN_800646e4,272,68,FUN_80056c6c,FUN_80064acc|FUN_80065ee8,,no,asm,,
0x800647F4,FUN_800647f4,420,105,FUN_80064acc,,,no,asm,,
0x80064998,FUN_80064998,308,77,FUN_80064acc,,,no,asm,,
0x80064ACC,FUN_80064acc,1508,377,FUN_800299a8|FUN_8002c1e8|FUN_8002cfbc|FUN_8002ea48|FUN_800323f0|FUN_8003421c|FUN_80034ba4|FUN_80035c28|FUN_800470c8|FUN_80047d80|FUN_8004b214|FUN_8004bfac|FUN_8004c5dc|FUN_8004e830|FUN_8004fdd4|FUN_8005610c|FUN_8005d6b8|FUN_8005dc98|FUN_8005f824|FUN_800646e4|FUN_80065230|FUN_80065488|FUN_80065fe8|FUN_8006fd98|FUN_80071f50|FUN_800723f8|FUN_8007264c|FUN_800727bc|FUN_80072ae8|FUN_80073054|FUN_80073500|FUN_80073808|FUN_80073ecc|FUN_80074264,FUN_800184b0|FUN_800647f4|FUN_80064998|FUN_800650b0|FUN_80065194,,yes,asm,,
0x800650B0,FUN_800650b0,228,57,FUN_80064acc,,,yes,asm,,
0x80065194,FUN_80065194,156,39,FUN_80064acc,,,yes,asm,,
0x80065230,FUN_80065230,600,150,FUN_80056c6c,FUN_80064acc|FUN_80065ee8,,no,asm,,
0x80065488,FUN_80065488,280,70,FUN_8003132c|FUN_800317a0|FUN_80031854|FUN_80033374|FUN_800339b4|FUN_8003421c|FUN_80034548|FUN_8004ba74|FUN_8004c368|FUN_8005fca4|FUN_80071f50,FUN_80064acc,,no,asm,,
0x800655A0,FUN_800655a0,112,28,FUN_80071f50,FUN_80065610,,yes,asm,,
0x80065610,FUN_80065610,564,141,FUN_800655a0|FUN_80065fe8,,,yes,asm,,
0x80065844,FUN_80065844,1700,425,FUN_800323f0|FUN_8004f650|FUN_80055748|FUN_8005d6b8|FUN_8005dc98,FUN_800184b0,,yes,asm,,
0x80065EE8,FUN_80065ee8,120,30,FUN_800299a8|FUN_8004c368|FUN_8005610c|FUN_800646e4|FUN_80065230,,,yes,asm,,
0x80065F60,FUN_80065f60,28,7,FUN_8002f094|FUN_8002f4ac|FUN_8003014c|FUN_800323f0|FUN_800429d0,,,yes,asm,,
0x80065F7C,FUN_80065f7c,108,27,FUN_800429d0,,,yes,asm,,
0x80065FE8,FUN_80065fe8,412,103,FUN_8004c5dc,FUN_800184b0|FUN_80019da4|FUN_80064acc|FUN_80065610,,yes,asm,,
0x80066184,FUN_80066184,1348,337,,FUN_800184b0,,yes,asm,,
0x800666C8,FUN_800666c8,132,33,FUN_80066d00,DrawSync|LoadImage,,no,asm,,
0x8006674C,FUN_8006674c,384,96,FUN_800668cc,DrawSync|LoadImage,,yes,asm,,
0x800668CC,FUN_800668cc,264,66,FUN_80066d00,FUN_8006674c,,no,asm,,
0x800669D4,FUN_800669d4,632,158,FUN_80066d00|FUN_80067218|FUN_800673f8|FUN_800674fc,,,no,asm,,
0x80066C4C,FUN_80066c4c,180,45,FUN_80013ea4|FUN_8003bd60|FUN_80042544|FUN_8004274c|FUN_8004304c|FUN_800430e4|FUN_80066d00|FUN_80067218|FUN_800673f8|FUN_800674fc|FUN_80070bc0|FUN_800714a0|FUN_80074f34,,,no,asm,,
0x80066D00,FUN_80066d00,736,184,FUN_8006710c,FUN_80017154|FUN_8001745c|FUN_800666c8|FUN_800668cc|FUN_800669d4|FUN_80066c4c,,yes,asm,,
0x80066FE0,FUN_80066fe0,208,52,FUN_80024080|FUN_80024284,,,yes,asm,,
0x800670B0,FUN_800670b0,92,23,FUN_800241d4|FUN_8002456c,FUN_8001745c,,no,asm,,
0x8006710C,FUN_8006710c,260,65,FUN_80024710,FUN_8001745c|FUN_80066d00|FUN_80092894,,no,asm,,
0x80067210,FUN_80067210,8,2,FUN_80029be4,,,no,asm,,
0x80067218,FUN_80067218,480,120,FUN_80062088,FUN_800669d4|FUN_80066c4c,,no,asm,,
0x800673F8,FUN_800673f8,260,65,FUN_80062088,FUN_800669d4|FUN_80066c4c,,no,asm,,
0x800674FC,FUN_800674fc,328,82,FUN_80012f14,FUN_800669d4|FUN_80066c4c,,no,asm,,
0x80067644,FUN_80067644,60,15,FUN_80067680,,,no,asm,,
0x80067680,FUN_80067680,428,107,FUN_80024080|FUN_80024284,FUN_800181ac|FUN_80067644,,yes,asm,,
0x8006782C,FUN_8006782c,8,2,FUN_800241d4|FUN_8002456c,,,no,asm,,
0x80067834,FUN_80067834,76,19,FUN_80026f28|FUN_8002767c,,,no,asm,,
0x80067880,FUN_80067880,16,4,FUN_800241d4|FUN_8002456c,,,yes,asm,,
0x80067890,FUN_80067890,2024,506,FUN_8002a2bc|FUN_8002c630|FUN_8002c6a0|FUN_80034660|FUN_8003477c|FUN_80046adc|FUN_80049688|FUN_80049b2c|FUN_80060800,FUN_800181ac|FUN_8002b0f4|FUN_8002b1d0|FUN_8002b2d8|FUN_80049788|FUN_800498e4|FUN_800499b4|FUN_80049a40|FUN_80049acc|FUN_8004a168|FUN_8006094c|FUN_800609c0,,yes,asm,,
0x80068078,FUN_80068078,676,169,FUN_80068400,FUN_800176c0,,no,asm,,
0x8006831C,FUN_8006831c,228,57,FUN_80068400,,,no,asm,,
0x80068400,FUN_80068400,596,149,FUN_80078878|FUN_80078c88,FUN_80017154|FUN_8001745c|FUN_80068078|FUN_8006831c,,no,asm,,
0x80068654,FUN_80068654,80,20,FUN_800788c4|FUN_80078c48,FUN_8001745c,,no,asm,,
0x800686A4,FUN_800686a4,548,137,FUN_80068a18,,,no,asm,,
0x800688C8,FUN_800688c8,336,84,FUN_80068a18|FUN_800697e4|FUN_80076a1c,,,no,asm,,
0x80068A18,FUN_80068a18,2436,609,FUN_8006a394|FUN_80078904|FUN_80078d78,FUN_8001006c|FUN_8001025c|FUN_8001032c|FUN_800686a4|FUN_800688c8,,no,asm,,
0x8006939C,FUN_8006939c,1096,274,FUN_80038998,FUN_80017ad8,,no,asm,,
0x800697E4,FUN_800697e4,2364,591,FUN_8006a394,FUN_8001006c|FUN_8001025c|FUN_8001032c|FUN_800176c0|FUN_80019608|FUN_800372b4|FUN_800688c8,,no,asm,,
0x8006A120,FUN_8006a120,244,61,,,,no,asm,,
0x8006A394,FUN_8006a394,384,96,FUN_80038ccc,FUN_80019608|FUN_800372b4|FUN_80068a18|FUN_800697e4,,no,asm,,
0x8006A514,FUN_8006a514,100,25,FUN_800359bc|FUN_8006a7dc,FUN_80017154|FUN_8001cc5c|FUN_80035c28|FUN_80035d88,,no,asm,,
0x8006A578,FUN_8006a578,612,153,FUN_80038208,FUN_80017154|FUN_80035b18,,no,asm,,
0x8006A7DC,FUN_8006a7dc,76,19,FUN_8004942c,FUN_8001745c|FUN_800187d0|FUN_8006a514,,no,asm,,
0x8006A828,FUN_8006a828,32,8,FUN_8006bf90|FUN_8006dc10,FUN_8001745c,,no,asm,,
0x8006A848,FUN_8006a848,1928,482,FUN_8006afd0,FUN_8001006c|FUN_8001032c|FUN_800176c0|FUN_80018208|FUN_800194a0|FUN_80036a40,,no,asm,,
0x8006AFD0,FUN_8006afd0,3564,891,FUN_8006bdbc|FUN_8006dc10,FUN_8001006c|FUN_8001032c|FUN_80018208|FUN_80019644|FUN_8006a848,,no,asm,,
0x8006BDBC,FUN_8006bdbc,468,117,FUN_8006c068,FUN_80018208|FUN_8006afd0,,no,asm,,
0x8006BF90,FUN_8006bf90,216,54,FUN_8006dae0,FUN_8001745c|FUN_8006a828,,no,asm,,
0x8006C068,FUN_8006c068,1252,313,FUN_8006dae0,FUN_8001006c|FUN_8001032c|FUN_80036a40|FUN_8006bdbc,,no,asm,,
0x8006C54C,FUN_8006c54c,3772,943,FUN_8006db94,FUN_8001006c|FUN_8001016c|FUN_8001025c|FUN_8001032c|FUN_80019608,,no,asm,,
0x8006D408,FUN_8006d408,1284,321,FUN_8006db94,FUN_8001016c|FUN_8001032c|FUN_80019608,,no,asm,,
0x8006D90C,FUN_8006d90c,12,3,FUN_80024284,,,yes,asm,,
0x8006D918,FUN_8006d918,68,17,FUN_8002456c,FUN_8006e060,,yes,asm,,
0x8006D95C,FUN_8006d95c,144,36,FUN_800323f0,FUN_80017154,,no,asm,,
0x8006D9EC,FUN_8006d9ec,244,61,,FUN_80017154,,no,asm,,
0x8006DAE0,FUN_8006dae0,180,45,FUN_80038998,FUN_8006bf90|FUN_8006c068,,yes,asm,,
0x8006DB94,FUN_8006db94,124,31,FUN_80038ccc,FUN_8006c54c|FUN_8006d408,,yes,asm,,
0x8006DC10,FUN_8006dc10,1104,276,FUN_800323f0,FUN_80017154|FUN_8001745c|FUN_8006a828|FUN_8006afd0,,yes,asm,,
0x8006E060,FUN_8006e060,20,5,FUN_8006d918,,,no,asm,,
0x8006E450,FUN_8006e450,100,25,FUN_800359bc|FUN_8006e548,FUN_80017154|FUN_8001cc5c|FUN_80035c28|FUN_80035d88,,no,asm,,
0x8006E4B4,FUN_8006e4b4,148,37,FUN_80038208,FUN_80017154|FUN_80035b18,,no,asm,,
0x8006E548,FUN_8006e548,76,19,FUN_8004942c,FUN_8001745c|FUN_800187d0|FUN_8006e450,,no,asm,,
0x8006E594,FUN_8006e594,4464,1116,FUN_80038ccc,FUN_8001006c|FUN_8001016c|FUN_8001025c|FUN_8001032c|FUN_80019608|FUN_80037280|FUN_800372b4,,no,asm,,
0x8006F704,FUN_8006f704,316,79,FUN_8006fd98,,,no,asm,,
0x8006F840,FUN_8006f840,452,113,FUN_8006fd98,FUN_80018208|FUN_80019f34,,no,asm,,
0x8006FD98,FUN_8006fd98,2284,571,FUN_80038998,FUN_8001006c|FUN_8001032c|FUN_80013c20|FUN_80019644|FUN_800358b4|FUN_800358e0|FUN_80037280|FUN_800372b4|FUN_80064acc|FUN_8006f704|FUN_8006f840,,no,asm,,
0x80070684,FUN_80070684,1340,335,FUN_80038208,FUN_80017154|FUN_8001745c|FUN_80017ad8|FUN_80018208|FUN_800357f0|FUN_80035b18,,no,asm,,
0x80070BC0,FUN_80070bc0,156,39,FUN_80075808,FUN_80066c4c,,yes,asm,,
0x80070C5C,FUN_80070c5c,364,91,FUN_800359bc|FUN_80070dc8,FUN_80017154|FUN_8001cc5c|FUN_80035c28|FUN_80035d88,,no,asm,,
0x80070DC8,FUN_80070dc8,76,19,FUN_8004942c,FUN_8001745c|FUN_800187d0|FUN_80070c5c,,no,asm,,
0x80070E14,FUN_80070e14,8,2,FUN_80024284,,,no,asm,,
0x80070E1C,FUN_80070e1c,60,15,FUN_8002456c,FUN_80071de4,,yes,asm,,
0x80070E58,FUN_80070e58,296,74,FUN_8003219c,FUN_80017154,,yes,asm,,
0x80070F80,FUN_80070f80,1312,328,FUN_80038998,FUN_80018208|FUN_80019cac,,yes,asm,,
0x800714A0,FUN_800714a0,2356,589,FUN_80038ccc,FUN_8001006c|FUN_80010234|FUN_8001032c|FUN_800176c0|FUN_8001931c|FUN_800194a0|FUN_80066c4c,,yes,asm,,
0x80071DD4,FUN_80071dd4,16,4,FUN_800323f0,,,no,asm,,
0x80071DE4,FUN_80071de4,104,26,FUN_800323f0|FUN_80070e1c,FUN_8001745c,,yes,asm,,
0x80071E4C,FUN_80071e4c,196,49,FUN_80072320,FUN_80017154,,yes,asm,,
0x80071F10,FUN_80071f10,64,16,FUN_80071f50,,,no,asm,,
0x80071F50,FUN_80071f50,696,174,FUN_80072208|FUN_80072278,FUN_80017154|FUN_80064acc|FUN_80065488|FUN_800655a0|FUN_80071f10|ratan2,,yes,asm,,
0x80072208,FUN_80072208,76,19,FUN_8004942c,FUN_8001745c|FUN_800187d0|FUN_80071f50,,no,asm,,
0x80072254,FUN_80072254,36,9,FUN_80024284,,,yes,asm,,
0x80072278,FUN_80072278,168,42,FUN_80072320,FUN_80071f50,,no,asm,,
0x80072320,FUN_80072320,40,10,FUN_80029be4,FUN_80071e4c|FUN_80072278,,no,asm,,
0x80072348,FUN_80072348,152,38,FUN_8002456c,FUN_80016bac|FUN_8001745c,,yes,asm,,
0x800723F8,FUN_800723f8,596,149,FUN_80073d64,FUN_80016bfc|FUN_800199fc|FUN_800367d0|FUN_8005d258|FUN_8005d2c8|FUN_8005d6b8|FUN_80064acc|FUN_8007401c,,yes,asm,,
0x8007264C,FUN_8007264c,368,92,FUN_80073d64,FUN_80017a68|FUN_8005d258|FUN_80064acc,,no,asm,,
0x800727BC,FUN_800727bc,812,203,FUN_80073d64,FUN_80016bfc|FUN_800199fc|FUN_800367d0|FUN_8004bd74|FUN_8004becc|FUN_8005d258|FUN_8005d2c8|FUN_8005d6b8|FUN_80064acc|FUN_8007401c,,yes,asm,,
0x80072AE8,FUN_80072ae8,328,82,FUN_80073d64,FUN_80016bfc|FUN_800199fc|FUN_8005d258|FUN_8005d2c8|FUN_8005d6b8|FUN_80064acc|FUN_8007401c,,yes,asm,,
0x80072C30,FUN_80072c30,256,64,FUN_80073d64,FUN_80016bfc,,no,asm,,
0x80072D30,FUN_80072d30,36,9,FUN_8007401c,,,no,asm,,
0x80072D54,FUN_80072d54,96,24,FUN_8007401c,FUN_80018208,,no,asm,,
0x80072DB4,FUN_80072db4,20,5,FUN_8007401c,,,no,asm,,
0x80072DC8,FUN_80072dc8,12,3,FUN_8007401c,,,no,asm,,
0x80072DD4,FUN_80072dd4,640,160,FUN_8007401c,FUN_80019518|FUN_8004becc|SquareRoot12,,no,asm,,
0x80073054,FUN_80073054,1184,296,FUN_80073d64,FUN_80016bfc|FUN_8005d258|FUN_8005d6b8|FUN_80064acc|SquareRoot12,,no,asm,,
0x800734F4,FUN_800734f4,12,3,FUN_8007401c,,,no,asm,,
0x80073500,FUN_80073500,768,192,FUN_80073d64,FUN_80016bfc|FUN_800199fc|FUN_8005d258|FUN_8005d2c8|FUN_8005d6b8|FUN_80064acc|FUN_8007401c,,yes,asm,,
0x80073800,FUN_80073800,8,2,FUN_8007401c,,,no,asm,,
0x80073808,FUN_80073808,436,109,FUN_80073d64,FUN_80016bfc|FUN_800176c0|FUN_800199fc|FUN_8005d258|FUN_8005d2c8|FUN_80064acc|FUN_8007401c,,yes,asm,,
0x800739BC,FUN_800739bc,224,56,FUN_80073c64|FUN_80073d10|FUN_800746a0,FUN_80019518,,no,asm,,
0x80073A9C,FUN_80073a9c,348,87,FUN_80073bf8|FUN_80074118|FUN_80074264,,,yes,asm,,
0x80073BF8,FUN_80073bf8,108,27,FUN_80074118|FUN_80074264,FUN_80018208|FUN_80073a9c,,yes,asm,,
0x80073C64,FUN_80073c64,172,43,FUN_80073d64,FUN_80016bfc|FUN_800739bc,,no,asm,,
0x80073D10,FUN_80073d10,84,21,FUN_80073d64,FUN_800739bc,,no,asm,,
0x80073D64,FUN_80073d64,360,90,FUN_80073ecc|FUN_80074264,FUN_800723f8|FUN_8007264c|FUN_800727bc|FUN_80072ae8|FUN_80072c30|FUN_80073054|FUN_80073500|FUN_80073808|FUN_80073c64|FUN_80073d10,,no,asm,,
0x80073ECC,FUN_80073ecc,336,84,FUN_8005ed10|FUN_8007401c,FUN_80016bac|FUN_80017a68|FUN_80017ad8|FUN_80064acc|FUN_80073d64,,no,asm,,
0x8007401C,FUN_8007401c,252,63,FUN_800723f8|FUN_800727bc|FUN_80072ae8|FUN_80073500|FUN_80073808|FUN_80074118|FUN_80074264|FUN_80074574,FUN_80072d30|FUN_80072d54|FUN_80072db4|FUN_80072dc8|FUN_80072dd4|FUN_800734f4|FUN_80073800|FUN_80073ecc,,no,asm,,
0x80074118,FUN_80074118,332,83,FUN_8005ed10|FUN_8005f034|FUN_80074264,FUN_80018208|FUN_80073a9c|FUN_80073bf8|FUN_8007401c|FUN_80074574|FUN_800746a0,,no,asm,,
0x80074264,FUN_80074264,784,196,FUN_8005f034,FUN_80016d38|FUN_80018208|FUN_8005d258|FUN_80064acc|FUN_80073a9c|FUN_80073bf8|FUN_80073d64|FUN_8007401c|FUN_80074118|FUN_80074574|FUN_800746a0,,yes,asm,,
0x80074574,FUN_80074574,180,45,FUN_8003014c|FUN_80074118|FUN_80074264,FUN_8007401c|FUN_800746a0,,yes,asm,,
0x80074628,FUN_80074628,120,30,FUN_800746a0,,,no,asm,,
0x800746A0,FUN_800746a0,260,65,FUN_80074118|FUN_80074264|FUN_80074574,FUN_800739bc|FUN_80074628,,yes,asm,,
0x800747A4,FUN_800747a4,188,47,FUN_8002456c|FUN_80074ac8,,,yes,asm,,
0x80074860,FUN_80074860,616,154,FUN_800269c0,,,yes,asm,,
0x80074AC8,FUN_80074ac8,712,178,FUN_800269c0,FUN_800747a4,,yes,asm,,
0x80074D90,FUN_80074d90,344,86,FUN_80024284,,,yes,asm,,
0x80074EE8,FUN_80074ee8,76,19,FUN_80079470,FUN_80017154,,yes,asm,,
0x80074F34,FUN_80074f34,156,39,FUN_80075808,FUN_80066c4c,,yes,asm,,
0x80075000,FUN_80075000,304,76,FUN_80075130,,,no,asm,,
0x80075130,FUN_80075130,156,39,FUN_80075fa0|FUN_80076500,FUN_80075000,,no,asm,,
0x800751CC,FUN_800751cc,156,39,FUN_80075330,FUN_80039b84,,no,asm,,
0x80075268,FUN_80075268,200,50,FUN_80075330,,,no,asm,,
0x80075330,FUN_80075330,844,211,FUN_80038a48,FUN_80019b8c|FUN_80038158|FUN_80039a80|FUN_800751cc|FUN_80075268,,no,asm,,
0x8007567C,FUN_8007567c,180,45,FUN_80038ccc,FUN_80076a1c|FUN_800780d0|FUN_80078b30|FUN_80078d78,,yes,asm,,
0x80075730,FUN_80075730,216,54,FUN_80038b50,,,yes,asm,,
0x80075808,FUN_80075808,56,14,FUN_800252b0,FUN_8003bd60|FUN_80070bc0|FUN_80074f34|FUN_80077900,,no,asm,,
0x80075840,FUN_80075840,12,3,FUN_80024284,,,yes,asm,,
0x8007584C,FUN_8007584c,8,2,FUN_8002456c,,,no,asm,,
0x80075854,FUN_80075854,8,2,FUN_8004942c,,,no,asm,,
0x8007585C,FUN_8007585c,576,144,FUN_80075dac|FUN_800763dc,FUN_80019da4,,no,asm,,
0x80075A9C,FUN_80075a9c,364,91,FUN_8004e830,FUN_80017154|FUN_8001745c,,yes,asm,,
0x80075C08,FUN_80075c08,84,21,FUN_8004d470,FUN_8001745c,,no,asm,,
0x80075C5C,FUN_80075c5c,336,84,FUN_80075dac|FUN_800763dc,,,no,asm,,
0x80075DAC,FUN_80075dac,276,69,FUN_80075fa0|FUN_800761b0,FUN_8007585c|FUN_80075c5c,,no,asm,,
0x80075EC0,FUN_80075ec0,224,56,FUN_800761b0,,,no,asm,,
0x80075FA0,FUN_80075fa0,528,132,FUN_80076500,FUN_80019644|FUN_80075130|FUN_80075dac,,no,asm,,
0x800761B0,FUN_800761b0,556,139,FUN_80076500,FUN_800184b0|FUN_80075dac|FUN_80075ec0,,no,asm,,
0x800763DC,FUN_800763dc,292,73,FUN_80076500,FUN_8007585c|FUN_80075c5c,,no,asm,,
0x80076500,FUN_80076500,1308,327,FUN_80056c6c,FUN_80075130|FUN_80075fa0|FUN_800761b0|FUN_800763dc,,no,asm,,
0x80076A1C,FUN_80076a1c,2352,588,FUN_8007567c,FUN_8001032c|FUN_800184b0|FUN_80019bfc|FUN_80019da4|FUN_800688c8,,no,asm,,
0x8007734C,FUN_8007734c,136,34,FUN_800319c4|FUN_8003219c|FUN_800323f0|FUN_8003558c|FUN_80050210|FUN_80055748|FUN_80056c6c|FUN_8005b2a0|FUN_8005c05c,,,no,asm,,
0x800773D4,FUN_800773d4,164,41,FUN_80050210|FUN_80056c6c,,,no,asm,,
0x80077478,FUN_80077478,44,11,FUN_80038a48,FUN_80039a80,,no,asm,,
0x800774A4,FUN_800774a4,1116,279,FUN_80038a48,FUN_80039a80|FUN_80039b84,,no,asm,,
0x80077900,FUN_80077900,160,40,FUN_80075808,FUN_80013ea4,,yes,asm,,
0x800779A0,FUN_800779a0,704,176,FUN_8004e830,FUN_80017ad8|FUN_800367d0|FUN_8004d668,,no,asm,,
0x80077C60,FUN_80077c60,860,215,FUN_80056c6c,FUN_80018208|FUN_80039a80,,no,asm,,
0x80077FBC,FUN_80077fbc,276,69,FUN_800780d0,FUN_80013f54|FUN_800199fc,,no,asm,,
0x800780D0,FUN_800780d0,912,228,FUN_8007567c,FUN_800166b4|FUN_80018208|FUN_80077fbc,,no,asm,,
0x80078460,FUN_80078460,388,97,FUN_800786b0,FUN_80017154,,no,asm,,
0x800785E4,FUN_800785e4,204,51,FUN_800786b0|FUN_800787d0,FUN_8001745c,,no,asm,,
0x800786B0,FUN_800786b0,288,72,FUN_80056c6c,FUN_80017154|FUN_8001745c|FUN_80078460|FUN_800785e4,,no,asm,,
0x800787D0,FUN_800787d0,168,42,FUN_8004d470|FUN_80056c6c,FUN_8001745c|FUN_800785e4,,no,asm,,
0x80078878,FUN_80078878,76,19,FUN_80056c6c,FUN_80068400|FUN_800788c4,,no,asm,,
0x800788C4,FUN_800788c4,64,16,FUN_80056c6c|FUN_80078878,FUN_80068654,,no,asm,,
0x80078904,FUN_80078904,556,139,FUN_80078b30,FUN_80068a18,,no,asm,,
0x80078B30,FUN_80078b30,136,34,FUN_8007567c,FUN_80078904,,no,asm,,
0x80078BB8,FUN_80078bb8,108,27,FUN_800524b4,FUN_80039a80,,no,asm,,
0x80078C24,FUN_80078c24,36,9,FUN_800524b4|FUN_80056c6c,FUN_800352f8,,no,matched,,
0x80078C48,FUN_80078c48,64,16,FUN_80056c6c|FUN_80078c88,FUN_80068654,,no,asm,,
0x80078C88,FUN_80078c88,240,60,FUN_80056c6c,FUN_80068400|FUN_80078c48,,no,asm,,
0x80078D78,FUN_80078d78,968,242,FUN_8007567c,FUN_80068a18,,yes,asm,,
0x800792A8,main,456,114,start,FUN_8001a0b4|FUN_8001a190|FUN_80029be4|FUN_80079470|FUN_800795b4|FUN_80079624|FUN_8007965c|FUN_80090d98|FUN_800991e4|__main|sprintf,%s%sIntro.wve|Opening\|Ea_logo.fsv|Fe.trk,yes,asm,,
0x80079470,FUN_80079470,324,81,main,CdInit|FUN_80016dac|FUN_8001a884|FUN_8001a8f0|FUN_8001a94c|FUN_8001a994|FUN_8001bb8c|FUN_8001cb84|FUN_8001ce28|FUN_8001ce34|FUN_8001dd94|FUN_80022330|FUN_80074ee8|InitHeap3,,no,asm,,
0x800795B4,FUN_800795b4,112,28,main,FUN_80016d64|FUN_8001cc04|FUN_8001ce94|FUN_8002246c,,no,asm,,
0x80079624,FUN_80079624,56,14,main,FUN_80016e2c,,no,asm,,
0x8007965C,FUN_8007965c,32,8,main,FUN_80016ee0,,no,asm,,
0x80079684,FUN_80079684,220,55,FUN_80024080,FUN_800168e0|FUN_80017154|FUN_8001cedc,,yes,asm,,
0x80079760,FUN_80079760,36,9,FUN_800241d4,FUN_8001745c,,yes,asm,,
0x80079784,FUN_80079784,144,36,FUN_8007d32c|FUN_8007ddb4|FUN_8007f810|FUN_8008b9d4|FUN_8008cb88|FUN_8008d064|FUN_8008dc1c|FUN_8008e51c|FUN_8008e75c,,,no,asm,,
0x80079814,FUN_80079814,3696,924,FUN_8002865c,FUN_800139fc|FUN_80017154|FUN_800181ac|FUN_80018788|FUN_8001ce04|FUN_8003d480|FUN_8003d520|FUN_8003d5d0|FUN_8003d668|FUN_8003d6f0|FUN_8004463c|FUN_8007a684|FUN_80090984|FUN_80090fb4|FUN_800931d8,MC1.trk|GR1.trk,yes,asm,,
0x8007A684,FUN_8007a684,252,63,FUN_80079814,FUN_80017154|FUN_8007a780|FUN_80090984,,no,asm,,
0x8007A780,FUN_8007a780,532,133,FUN_8007a684,FUN_8004463c|FUN_80044d24|strlen,,no,asm,,
0x8007A994,FUN_8007a994,2328,582,FUN_8002865c,FUN_80016a50|FUN_8001d840|FUN_8003f6fc|FUN_8007b2ac|FUN_8007b7fc|FUN_8007bf00|FUN_8007c540|FUN_8007cb6c|FUN_8007d32c|FUN_8007ddb4|FUN_8007ea64|FUN_8007f4a0|FUN_8007f810|FUN_80080cbc|FUN_80081a9c|FUN_800838f8|FUN_800855a0|FUN_80085d90|FUN_80087130|FUN_80087fa8|FUN_80088edc|FUN_80089240|FUN_8008927c|FUN_8008a52c|FUN_8008a7f4|FUN_8008aa90|FUN_8008aad8|FUN_8008cb88|FUN_8008ec2c|FUN_8008f344|FUN_80090984|sprintf|strcat|strcpy,,yes,asm,,
0x8007B2AC,FUN_8007b2ac,1360,340,FUN_8007a994,FUN_8001551c|FUN_8001d840|FUN_8003f6fc|FUN_8004463c|FUN_8008a66c|FUN_8008a7f4|FUN_8008a994|FUN_8008aa90|FUN_8008aad8|FUN_8008abf8|FUN_8008ac5c|FUN_8008b338|FUN_8008b6b4|FUN_8008b79c|FUN_8008cb88|FUN_8008d064|FUN_8008d5f4|FUN_8008dfd0|FUN_80090984,,yes,asm,,
0x8007B7FC,FUN_8007b7fc,1796,449,FUN_8007a994,FUN_8001551c|FUN_8008a66c|FUN_8008a7f4|FUN_8008a994|FUN_8008aa90|FUN_8008aad8|FUN_8008abf8|FUN_8008ac5c|FUN_8008b338|FUN_8008b6b4|FUN_8008b79c|FUN_8008cb88|FUN_8008d064|FUN_8008d5f4|FUN_8008dfd0|FUN_80090984,,yes,asm,,
0x8007BF00,FUN_8007bf00,1600,400,FUN_8007a994,FUN_8001551c|FUN_8001d840|FUN_8003f6fc|FUN_8008a66c|FUN_8008a7f4|FUN_8008a994|FUN_8008aa90|FUN_8008aad8|FUN_8008abf8|FUN_8008ac5c|FUN_8008b338|FUN_8008b6b4|FUN_8008b79c|FUN_8008cb88|FUN_8008d064|FUN_8008d5f4|FUN_8008dfd0|FUN_80090984|FUN_800931d8,,yes,asm,,
0x8007C540,FUN_8007c540,1580,395,FUN_8007a994,FUN_8001551c|FUN_80023cf8|FUN_8002bd18|FUN_8002c180|FUN_8003d43c|FUN_8003d498|FUN_8003d538|FUN_8003d5d0|FUN_8003d628|FUN_8003d680|FUN_8003f48c|FUN_8003f4b0|FUN_8003f7b8|FUN_800400a0|FUN_8008a66c|FUN_8008a7f4|FUN_8008a994|FUN_8008aa90|FUN_8008aad8|FUN_8008abf8|FUN_8008ac5c|FUN_8008b338|FUN_8008b6b4|FUN_8008b79c|FUN_8008c86c|FUN_8008d064|FUN_8008d5f4|FUN_8008dfd0|FUN_8008e21c|FUN_8008e51c,,yes,asm,,
0x8007CB6C,FUN_8007cb6c,1984,496,FUN_8007a994,FUN_8003f6fc|FUN_8004463c|FUN_8008a7f4|FUN_8008a994|FUN_8008aa90|FUN_8008ac5c|FUN_8008b79c|FUN_8008c86c|FUN_8008cb88|FUN_8008d5f4|FUN_8008dfd0|FUN_8008e21c|FUN_8008e51c|FUN_8008e614|FUN_8008e75c|FUN_8008ec2c|FUN_8008efec|FUN_8008f19c|FUN_8008f344|FUN_8008fb60|FUN_80090008|FUN_80090984|strcat|strcpy|strlen,,yes,asm,,
0x8007D32C,FUN_8007d32c,2696,674,FUN_8007a994,FUN_8001f560|FUN_8001f910|FUN_8001fa3c|FUN_8001fc14|FUN_8003f6fc|FUN_8004463c|FUN_80044d24|FUN_80079784|FUN_8008a66c|FUN_8008a7f4|FUN_8008aa90|FUN_8008ac5c|FUN_8008b338|FUN_8008b79c|FUN_8008cb88|FUN_8008d5f4|FUN_8008dfd0|FUN_8008e614|FUN_8008e75c|FUN_8008efec|FUN_80090984|FUN_8009347c|FUN_800934f8|FUN_80093540|FUN_80093568|FUN_8009358c|FUN_800937f8|FUN_80093938|VSync|strcpy|strlen,BASLUS-01068NASCRMBL,yes,asm,,
0x8007DDB4,FUN_8007ddb4,3248,812,FUN_8007a994,FUN_8001551c|FUN_8004463c|FUN_80079784|FUN_8008a7f4|FUN_8008a994|FUN_8008aa90|FUN_8008aad8|FUN_8008b79c|FUN_8008c308|FUN_8008c5c0|FUN_8008d5f4|FUN_8008dc1c|FUN_8008dfd0|FUN_8008e13c|FUN_8008e614|FUN_8008efec|FUN_80090860,,yes,asm,,
0x8007EA64,FUN_8007ea64,2620,655,FUN_8007a994,FUN_8004463c|FUN_8008a7f4|FUN_8008a994|FUN_8008aa90|FUN_8008ac5c|FUN_8008b79c|FUN_8008c86c|FUN_8008d5f4|FUN_8008de60|FUN_8008dfd0|FUN_8008e21c|FUN_8008e614|FUN_8008e75c|FUN_8008ee98|FUN_8008efec|FUN_8008f15c|FUN_80090984|strcat|strcpy,,yes,asm,,
0x8007F4A0,FUN_8007f4a0,880,220,FUN_8007a994,FUN_8008a66c|FUN_8008a7f4|FUN_8008a994|FUN_8008aa90|FUN_8008aad8|FUN_8008abf8|FUN_8008ac5c|FUN_8008b338|FUN_8008b6b4|FUN_8008b79c|FUN_8008d064|FUN_8008d5f4|FUN_8008dfd0|FUN_80090984|sprintf,,yes,asm,,
0x8007F810,FUN_8007f810,5292,1323,FUN_8007a994,FUN_8001d2c8|FUN_8001d448|FUN_8001d520|FUN_8001d840|FUN_8001d8e0|FUN_8001d9e4|FUN_8003f6fc|FUN_8004463c|FUN_80044d24|FUN_80079784|FUN_8008a7f4|FUN_8008a994|FUN_8008aa90|FUN_8008aad8|FUN_8008ac5c|FUN_8008b160|FUN_8008b79c|FUN_8008cb88|FUN_8008d5f4|FUN_8008dfd0|FUN_8008e2ec|FUN_8008e614|FUN_8008e75c|FUN_8008efec|FUN_80090984|sprintf|strcpy,%s    %s|%s%ld,yes,asm,,
0x80080CBC,FUN_80080cbc,3552,888,FUN_8007a994,FUN_8003f6fc|FUN_8004463c|FUN_80044d24|FUN_8008927c|FUN_8008a7f4|FUN_8008a994|FUN_8008aa90|FUN_8008ac5c|FUN_8008b79c|FUN_8008c86c|FUN_8008d5f4|FUN_8008dfd0|FUN_8008e21c|FUN_8008e51c|FUN_8008e614|FUN_8008efec|FUN_8008f19c|FUN_80090984|strcpy|strlen,abcdefghijklmnopqrstuvwxyz0123456789   ~~~...,yes,asm,,
0x80081A9C,FUN_80081a9c,7772,1943,FUN_8007a994,FUN_8001551c|FUN_8003f6fc|FUN_8004463c|FUN_80044944|FUN_80045140|FUN_8008a7f4|FUN_8008a994|FUN_8008aa90|FUN_8008ac5c|FUN_8008aee4|FUN_8008b79c|FUN_8008bc34|FUN_8008bd58|FUN_8008d5f4|FUN_8008dc1c|FUN_8008de60|FUN_8008dfd0|FUN_8008e0c0|FUN_8008e614|FUN_8008e75c|FUN_8008efec|FUN_80090674|FUN_80090984|FUN_80090a88|FUN_800923cc|FUN_80092f5c|FUN_80093050|sprintf,%s %ld,yes,asm,,
0x800838F8,FUN_800838f8,7336,1834,FUN_8007a994,DrawSync|FUN_8001655c|FUN_80016bfc|FUN_8001745c|FUN_80017ad8|FUN_80018788|FUN_8001893c|FUN_80018ef0|FUN_8003f6fc|FUN_8004463c|FUN_8008927c|FUN_8008a7f4|FUN_8008a994|FUN_8008aa90|FUN_8008ac5c|FUN_8008b80c|FUN_8008c308|FUN_8008d5f4|FUN_8008dc1c|FUN_8008de60|FUN_8008dfd0|FUN_8008e13c|FUN_8008e21c|FUN_8008e75c|FUN_8008efec|FUN_80090718|FUN_80090860|FUN_800a4af0,,yes,asm,,
0x800855A0,FUN_800855a0,2032,508,FUN_8007a994,FUN_8001551c|FUN_8004463c|FUN_80044944|FUN_80045140|FUN_8008a7f4|FUN_8008a994|FUN_8008aa90|FUN_8008b79c|FUN_8008d5f4|FUN_8008dfd0|FUN_8008ee98|FUN_8008efec|FUN_80090fb4|strcpy,,yes,asm,,
0x80085D90,FUN_80085d90,5024,1256,FUN_8007a994,FUN_8004463c|FUN_80044944|FUN_80045098|FUN_80045140|FUN_8008a7f4|FUN_8008a994|FUN_8008aa90|FUN_8008aafc|FUN_8008ac5c|FUN_8008b79c|FUN_8008c86c|FUN_8008cb88|FUN_8008d5f4|FUN_8008dfd0|FUN_8008e21c|FUN_8008e75c|FUN_8008ee98|FUN_8008efec|FUN_80090984|FUN_80090fb4|FUN_80091ae0,,yes,asm,,
0x80087130,FUN_80087130,3704,926,FUN_8007a994,FUN_8001a24c|FUN_8004463c|FUN_8008a7f4|FUN_8008a994|FUN_8008aa90|FUN_8008b79c|FUN_8008bd58|FUN_8008d5f4|FUN_8008de60|FUN_8008dfd0|FUN_8008e614|FUN_8008e75c|FUN_8008ee98|FUN_8008efec|FUN_8008f15c|FUN_80090a88|FUN_80090fb4|FUN_800923cc|strcpy,,yes,asm,,
0x80087FA8,FUN_80087fa8,3892,973,FUN_8007a994,FUN_8001655c|FUN_80016bfc|FUN_80017154|FUN_8001745c|FUN_80017ad8|FUN_80018788|FUN_8001893c|FUN_80018ef0|FUN_8004463c|FUN_8008a7f4|FUN_8008a994|FUN_8008aa90|FUN_8008ac5c|FUN_8008b79c|FUN_8008bd58|FUN_8008c308|FUN_8008d5f4|FUN_8008dfd0|FUN_8008e13c|FUN_8008e614|FUN_8008e75c|FUN_8008ec2c|FUN_8008ee98|FUN_8008efec|FUN_80090984|FUN_80090a88|FUN_80090fb4|FUN_800923cc|FUN_800a4af0|strcat|strcpy,,yes,asm,,
0x80088EDC,FUN_80088edc,868,217,FUN_8007a994,DrawSync|FUN_8001745c|FUN_8001a0b4|FUN_8001a190|FUN_8003fe7c|FUN_8008a66c|FUN_8008a7f4|FUN_8008aa90|FUN_8008abf8|FUN_8008ac5c|FUN_8008b338|FUN_8008b79c|FUN_8008d5f4|FUN_8008dfd0|FUN_80090a88|FUN_800991e4|sprintf,%s%sIntro.wve|Opening\|%s%sCredits.wve|AboutEA\|%s%sPayoff.wve|%s%sProd%ld.wve,yes,asm,,
0x80089240,FUN_80089240,60,15,FUN_8007a994,FUN_8008b79c|FUN_8008e480,,yes,asm,,
0x8008927C,FUN_8008927c,4784,1196,FUN_8007a994|FUN_80080cbc|FUN_800838f8|FUN_80090fb4,FUN_800181ac|FUN_8008aafc|FUN_8008abb8|FUN_8008b160|FUN_80090674|FUN_80090718|FUN_80090984|strcpy,01234567.,yes,asm,,
0x8008A52C,FUN_8008a52c,320,80,FUN_8007a994,FUN_8008a7f4|FUN_8008a994|FUN_8008aa90|FUN_8008b79c|FUN_8008d5f4|FUN_80090ef8|sprintf,%s%sTips%ld.lsc|HelpScrn\,yes,asm,,
0x8008A66C,FUN_8008a66c,392,98,FUN_8007b2ac|FUN_8007b7fc|FUN_8007bf00|FUN_8007c540|FUN_8007d32c|FUN_8007f4a0|FUN_80088edc,FUN_8008a994,,yes,asm,,
0x8008A7F4,FUN_8008a7f4,416,104,FUN_8007a994|FUN_8007b2ac|FUN_8007b7fc|FUN_8007bf00|FUN_8007c540|FUN_8007cb6c|FUN_8007d32c|FUN_8007ddb4|FUN_8007ea64|FUN_8007f4a0|FUN_8007f810|FUN_80080cbc|FUN_80081a9c|FUN_800838f8|FUN_800855a0|FUN_80085d90|FUN_80087130|FUN_80087fa8|FUN_80088edc|FUN_8008a52c,FUN_8001d840|FUN_8001dac0,,yes,asm,,
0x8008A994,FUN_8008a994,252,63,FUN_8007b2ac|FUN_8007b7fc|FUN_8007bf00|FUN_8007c540|FUN_8007cb6c|FUN_8007ddb4|FUN_8007ea64|FUN_8007f4a0|FUN_8007f810|FUN_80080cbc|FUN_80081a9c|FUN_800838f8|FUN_800855a0|FUN_80085d90|FUN_80087130|FUN_80087fa8|FUN_8008a52c|FUN_8008a66c|FUN_8008cb88|FUN_8008f19c,,,yes,asm,,
0x8008AA90,FUN_8008aa90,72,18,FUN_8007a994|FUN_8007b2ac|FUN_8007b7fc|FUN_8007bf00|FUN_8007c540|FUN_8007cb6c|FUN_8007d32c|FUN_8007ddb4|FUN_8007ea64|FUN_8007f4a0|FUN_8007f810|FUN_80080cbc|FUN_80081a9c|FUN_800838f8|FUN_800855a0|FUN_80085d90|FUN_80087130|FUN_80087fa8|FUN_80088edc|FUN_8008a52c,,,yes,asm,,
0x8008AAD8,FUN_8008aad8,36,9,FUN_8007a994|FUN_8007b2ac|FUN_8007b7fc|FUN_8007bf00|FUN_8007c540|FUN_8007ddb4|FUN_8007f4a0|FUN_8007f810|FUN_8008f19c,,,no,asm,,
0x8008AAFC,FUN_8008aafc,188,47,FUN_80085d90|FUN_8008927c|FUN_80090fb4,,,yes,asm,,
0x8008ABB8,FUN_8008abb8,64,16,FUN_8008927c,,,no,asm,,
0x8008ABF8,FUN_8008abf8,100,25,FUN_8007b2ac|FUN_8007b7fc|FUN_8007bf00|FUN_8007c540|FUN_8007f4a0|FUN_80088edc,,,yes,asm,,
0x8008AC5C,FUN_8008ac5c,648,162,FUN_8007b2ac|FUN_8007b7fc|FUN_8007bf00|FUN_8007c540|FUN_8007cb6c|FUN_8007d32c|FUN_8007ea64|FUN_8007f4a0|FUN_8007f810|FUN_80080cbc|FUN_80081a9c|FUN_800838f8|FUN_80085d90|FUN_80087fa8|FUN_80088edc|FUN_8008c5c0|FUN_8008cb88|FUN_8008dc1c,,,yes,asm,,
0x8008AEE4,FUN_8008aee4,636,159,FUN_80081a9c,FUN_8008e0c0|FUN_800923cc,,yes,asm,,
0x8008B160,FUN_8008b160,472,118,FUN_8007f810|FUN_8008927c,FUN_8001d520|FUN_8001d840,,no,asm,,
0x8008B338,FUN_8008b338,892,223,FUN_8007b2ac|FUN_8007b7fc|FUN_8007bf00|FUN_8007c540|FUN_8007d32c|FUN_8007f4a0|FUN_80088edc,FUN_8003f6fc|FUN_8004463c|FUN_80044944|FUN_8008e614|FUN_8008e75c,,yes,asm,,
0x8008B6B4,FUN_8008b6b4,232,58,FUN_8007b2ac|FUN_8007b7fc|FUN_8007bf00|FUN_8007c540|FUN_8007f4a0,FUN_8004463c|FUN_80044d24|FUN_8008e614|FUN_8008e75c,,no,asm,,
0x8008B79C,FUN_8008b79c,112,28,FUN_8007b2ac|FUN_8007b7fc|FUN_8007bf00|FUN_8007c540|FUN_8007cb6c|FUN_8007d32c|FUN_8007ddb4|FUN_8007ea64|FUN_8007f4a0|FUN_8007f810|FUN_80080cbc|FUN_80081a9c|FUN_800855a0|FUN_80085d90|FUN_80087130|FUN_80087fa8|FUN_80088edc|FUN_80089240|FUN_8008a52c|FUN_80090ef8,FUN_8008c86c,,no,asm,,
0x8008B80C,FUN_8008b80c,456,114,FUN_800838f8,FUN_8008c86c,,no,asm,,
0x8008B9D4,FUN_8008b9d4,608,152,FUN_8008bc34,FUN_80079784,,yes,asm,,
0x8008BC34,FUN_8008bc34,292,73,FUN_80081a9c,FUN_8008b9d4,,yes,asm,,
0x8008BD58,FUN_8008bd58,1456,364,FUN_80081a9c|FUN_80087130|FUN_80087fa8,FUN_80013c20|FUN_800153e4|FUN_80015f4c|FUN_80016bfc|FUN_80017a68|FUN_80017ad8|FUN_80019cac|FUN_8001a24c|FUN_8001de5c|FUN_800367d0|FUN_8008c9a4|FUN_800a4af0,,yes,asm,,
0x8008C308,FUN_8008c308,696,174,FUN_8007ddb4|FUN_800838f8|FUN_80087fa8,FUN_8008e75c,,yes,asm,,
0x8008C5C0,FUN_8008c5c0,684,171,FUN_8007ddb4,FUN_8004463c|FUN_80044944|FUN_8008ac5c|FUN_8008de60|FUN_8008e614|FUN_8008e75c|FUN_8008ee98|FUN_8008f15c|FUN_80090984|strcat|strcpy,,no,asm,,
0x8008C86C,FUN_8008c86c,312,78,FUN_8007c540|FUN_8007cb6c|FUN_8007ea64|FUN_80080cbc|FUN_80085d90|FUN_8008b79c|FUN_8008b80c,,,no,asm,,
0x8008C9A4,FUN_8008c9a4,484,121,FUN_8008bd58,FUN_80010234|FUN_8001025c|FUN_80016828|FUN_800176c0|FUN_80017ad8,,no,asm,,
0x8008CB88,FUN_8008cb88,1244,311,FUN_8007a994|FUN_8007b2ac|FUN_8007b7fc|FUN_8007bf00|FUN_8007cb6c|FUN_8007d32c|FUN_8007f810|FUN_80085d90,FUN_8003f6fc|FUN_8004463c|FUN_80044944|FUN_80044d24|FUN_80079784|FUN_8008a994|FUN_8008ac5c|FUN_8008d5f4|FUN_8008e614|FUN_8008e75c|FUN_80090984,,yes,asm,,
0x8008D064,FUN_8008d064,1424,356,FUN_8007b2ac|FUN_8007b7fc|FUN_8007bf00|FUN_8007c540|FUN_8007f4a0,FUN_8004463c|FUN_80044944|FUN_80045140|FUN_80079784|FUN_8008e51c|FUN_8008e614|strlen,,yes,asm,,
0x8008D5F4,FUN_8008d5f4,1576,394,FUN_8007b2ac|FUN_8007b7fc|FUN_8007bf00|FUN_8007c540|FUN_8007cb6c|FUN_8007d32c|FUN_8007ddb4|FUN_8007ea64|FUN_8007f4a0|FUN_8007f810|FUN_80080cbc|FUN_80081a9c|FUN_800838f8|FUN_800855a0|FUN_80085d90|FUN_80087130|FUN_80087fa8|FUN_80088edc|FUN_8008a52c|FUN_8008cb88,FUN_8001d840|FUN_8004463c|FUN_80044944|FUN_80044a44|FUN_80045140|strcpy|strlen,,yes,asm,,
0x8008DC1C,FUN_8008dc1c,580,145,FUN_8007ddb4|FUN_80081a9c|FUN_800838f8,FUN_80079784|FUN_8008ac5c|FUN_8008e75c,,no,asm,,
0x8008DE60,FUN_8008de60,368,92,FUN_8007ea64|FUN_80081a9c|FUN_800838f8|FUN_80087130|FUN_8008c5c0,FUN_80015f4c|FUN_80016bfc|FUN_80017ad8|FUN_800a4af0,,yes,asm,,
0x8008DFD0,FUN_8008dfd0,240,60,FUN_8007b2ac|FUN_8007b7fc|FUN_8007bf00|FUN_8007c540|FUN_8007cb6c|FUN_8007d32c|FUN_8007ddb4|FUN_8007ea64|FUN_8007f4a0|FUN_8007f810|FUN_80080cbc|FUN_80081a9c|FUN_800838f8|FUN_800855a0|FUN_80085d90|FUN_80087130|FUN_80087fa8|FUN_80088edc,DrawSync|FUN_80095d70,,yes,asm,,
0x8008E0C0,FUN_8008e0c0,124,31,FUN_80081a9c|FUN_8008aee4,FUN_8008e2ec,,yes,asm,,
0x8008E13C,FUN_8008e13c,224,56,FUN_8007ddb4|FUN_800838f8|FUN_80087fa8,DrawSync|FUN_80095d70,,yes,asm,,
0x8008E21C,FUN_8008e21c,208,52,FUN_8007c540|FUN_8007cb6c|FUN_8007ea64|FUN_80080cbc|FUN_800838f8|FUN_80085d90,DrawSync|FUN_80095d70,,yes,asm,,
0x8008E2EC,FUN_8008e2ec,404,101,FUN_8007f810|FUN_8008e0c0,DrawSync|FUN_80017154|FUN_8001745c|FUN_8009307c|LoadImage,,no,asm,,
0x8008E480,FUN_8008e480,156,39,FUN_80089240,DrawSync|MoveImage,,no,asm,,
0x8008E51C,FUN_8008e51c,248,62,FUN_8007c540|FUN_8007cb6c|FUN_80080cbc|FUN_8008d064,FUN_80079784,,no,asm,,
0x8008E614,FUN_8008e614,328,82,FUN_8007cb6c|FUN_8007d32c|FUN_8007ddb4|FUN_8007ea64|FUN_8007f810|FUN_80080cbc|FUN_80081a9c|FUN_80087130|FUN_80087fa8|FUN_8008b338|FUN_8008b6b4|FUN_8008c5c0|FUN_8008cb88|FUN_8008d064|FUN_8008ec2c,,,yes,asm,,
0x8008E75C,FUN_8008e75c,1232,308,FUN_8007cb6c|FUN_8007d32c|FUN_8007ea64|FUN_8007f810|FUN_80081a9c|FUN_800838f8|FUN_80085d90|FUN_80087130|FUN_80087fa8|FUN_8008b338|FUN_8008b6b4|FUN_8008c308|FUN_8008c5c0|FUN_8008cb88|FUN_8008dc1c|FUN_8008ec2c,FUN_80079784,,no,asm,,
0x8008EC2C,FUN_8008ec2c,620,155,FUN_8007a994|FUN_8007cb6c|FUN_80087fa8,FUN_8004463c|FUN_80045140|FUN_8008e614|FUN_8008e75c|FUN_8008efec,,yes,asm,,
0x8008EE98,FUN_8008ee98,340,85,FUN_8007ea64|FUN_800855a0|FUN_80085d90|FUN_80087130|FUN_80087fa8|FUN_8008c5c0,FUN_80044944|FUN_80045140|sprintf,%02ld:%02ld.%02ld,no,asm,,
0x8008EFEC,FUN_8008efec,220,55,FUN_8007cb6c|FUN_8007d32c|FUN_8007ddb4|FUN_8007ea64|FUN_8007f810|FUN_80080cbc|FUN_80081a9c|FUN_800838f8|FUN_800855a0|FUN_80085d90|FUN_80087130|FUN_80087fa8|FUN_8008ec2c,FUN_80044944|FUN_80045140,,no,asm,,
0x8008F0C8,FUN_8008f0c8,148,37,FUN_80090fb4,FUN_80090984|strcpy,,no,asm,,
0x8008F15C,FUN_8008f15c,64,16,FUN_8007ea64|FUN_80087130|FUN_8008c5c0,,,no,asm,,
0x8008F19C,FUN_8008f19c,424,106,FUN_8007cb6c|FUN_80080cbc,FUN_8003f6fc|FUN_8008a994|FUN_8008aad8,,yes,asm,,
0x8008F344,FUN_8008f344,2076,519,FUN_8007a994|FUN_8007cb6c,FUN_8001ce04,,yes,asm,,
0x8008FB60,FUN_8008fb60,1192,298,FUN_8007cb6c,FUN_8001ce04|FUN_80090984|strcmp,,yes,asm,,
0x80090008,FUN_80090008,1644,411,FUN_8007cb6c,FUN_8001ce04|FUN_80090984|FUN_800931d8|strcpy,,yes,asm,,
0x80090674,FUN_80090674,164,41,FUN_80081a9c|FUN_8008927c|FUN_800923cc|FUN_80092998,,,yes,asm,,
0x80090718,FUN_80090718,328,82,FUN_800838f8|FUN_8008927c,,,no,asm,,
0x80090860,FUN_80090860,292,73,FUN_8007ddb4|FUN_800838f8,,,yes,asm,,
0x80090984,FUN_80090984,260,65,FUN_80079814|FUN_8007a684|FUN_8007a994|FUN_8007b2ac|FUN_8007b7fc|FUN_8007bf00|FUN_8007cb6c|FUN_8007d32c|FUN_8007ea64|FUN_8007f4a0|FUN_8007f810|FUN_80080cbc|FUN_80081a9c|FUN_80085d90|FUN_80087fa8|FUN_8008927c|FUN_8008c5c0|FUN_8008cb88|FUN_8008f0c8|FUN_8008fb60|FUN_80090008|FUN_800931d8,,,yes,asm,,
0x80090A88,FUN_80090a88,784,196,FUN_80081a9c|FUN_80087130|FUN_80087fa8|FUN_80088edc,FUN_8001745c|FUN_80023e88|FUN_8003f6fc,,yes,asm,,
0x80090D98,FUN_80090d98,352,88,main,FUN_8001dac0|FUN_80090ef8|FUN_8009347c|FUN_800934f8|FUN_80093540|FUN_80093568|FUN_8009358c|FUN_80093938,CW\Opening\Legal.lsc,yes,asm,,
0x80090EF8,FUN_80090ef8,188,47,FUN_8008a52c|FUN_80090d98,FUN_8001745c|FUN_8001a24c|FUN_8001ca54|FUN_8008b79c|FUN_80095d70,,no,asm,,
0x80090FB4,FUN_80090fb4,2860,715,FUN_80079814|FUN_800855a0|FUN_80085d90|FUN_80087130|FUN_80087fa8,FUN_8008927c|FUN_8008aafc|FUN_8008f0c8|FUN_80091ae0|strcpy,,yes,asm,,
0x80091AE0,FUN_80091ae0,1728,432,FUN_80085d90|FUN_80090fb4,FUN_80017154|FUN_8001745c|FUN_8001ce04,01234567.,yes,asm,,
0x800921A0,FUN_800921a0,412,103,FUN_80024c58,FUN_8009233c|sprintf,HelpScrn\|%s%sHelp%ld.lsc|%s%s%ld%c.lsc|%sFeld.lsc,yes,asm,,
0x8009233C,FUN_8009233c,144,36,FUN_80024684|FUN_800921a0,sprintf,%sLoc%s\|FEnd\,yes,asm,,
0x800923CC,FUN_800923cc,1224,306,FUN_80081a9c|FUN_80087130|FUN_80087fa8|FUN_8008aee4|FUN_80092998,FUN_80090674,,yes,asm,,
0x80092894,FUN_80092894,164,41,FUN_8006710c,,,yes,asm,,
0x80092938,FUN_80092938,96,24,FUN_80013374,,,yes,asm,,
0x80092998,FUN_80092998,916,229,FUN_80013374,FUN_800139fc|FUN_8001745c|FUN_80090674|FUN_800923cc,,yes,asm,,
0x80092D2C,FUN_80092d2c,44,11,FUN_80024710,,,yes,asm,,
0x80092D58,FUN_80092d58,44,11,FUN_80024710,,,yes,asm,,
0x80092D84,FUN_80092d84,44,11,FUN_80024710,,,yes,asm,,
0x80092DB0,FUN_80092db0,44,11,FUN_80024710,,,yes,asm,,
0x80092DDC,FUN_80092ddc,16,4,FUN_80024710,,,yes,asm,,
0x80092DEC,FUN_80092dec,28,7,FUN_80024710,,,yes,asm,,
0x80092E08,FUN_80092e08,340,85,FUN_80024710,DrawSync|FUN_8001745c|FUN_8001860c|LoadImage,,yes,asm,,
0x80092F5C,FUN_80092f5c,244,61,FUN_80081a9c,DrawSync|FUN_80017154|StoreImage,,yes,asm,,
0x80093050,FUN_80093050,44,11,FUN_80081a9c,FUN_8001745c,,yes,asm,,
0x8009307C,FUN_8009307c,348,87,FUN_8008e2ec,,,no,asm,,
0x800931D8,FUN_800931d8,676,169,FUN_80079814|FUN_8007bf00|FUN_80090008,FUN_80090984|strcpy,,no,asm,,
0x8009347C,FUN_8009347c,124,31,FUN_8007d32c|FUN_80090d98,FUN_80017154|FUN_8001f3bc|FUN_8001f3c4|FUN_80093748,,no,asm,,
0x800934F8,FUN_800934f8,72,18,FUN_8007d32c|FUN_80090d98,FUN_8001745c|FUN_8001f3ac,,no,asm,,
0x80093540,FUN_80093540,40,10,FUN_8007d32c|FUN_80090d98,FUN_8001f47c,,no,asm,,
0x80093568,FUN_80093568,36,9,FUN_8007d32c|FUN_80090d98,FUN_8001f538,,no,asm,,
0x8009358C,FUN_8009358c,444,111,FUN_8007d32c|FUN_80090d98,FUN_8001f560|FUN_800937f8|FUN_80093f6c,,no,asm,,
0x80093748,FUN_80093748,176,44,FUN_8009347c,FUN_80017154|FUN_8001ce04|FUN_8001fe7c|strlen,ASCAR RUMBLE,no,asm,,
0x800937F8,FUN_800937f8,320,80,FUN_8007d32c|FUN_8009358c,FUN_8001ce04|FUN_8001fd88|FUN_800939fc|strcpy,BASLUS-01068NASCRMBL,yes,asm,,
0x80093938,FUN_80093938,196,49,FUN_8007d32c|FUN_80090d98,FUN_8001ce04|FUN_8001fae8|strcpy,BASLUS-01068NASCRMBL,no,asm,,
0x800939FC,FUN_800939fc,1392,348,FUN_800937f8,,,no,asm,,
0x80093F6C,FUN_80093f6c,1444,361,FUN_8009358c,FUN_8003d43c|FUN_8003d480|FUN_8003d498|FUN_8003d520|FUN_8003d538|FUN_8003d5d0|FUN_8003d628|FUN_8003d668|FUN_8003d680|FUN_8003d6f0,,no,asm,,
0x80094510,FUN_80094510,2240,560,,,,yes,asm,,
0x80094FF0,FUN_80094ff0,728,182,FUN_80095560,DecDCTReset|DecDCTin|DecDCTout|DecDCToutSync|FUN_8001cc5c|FUN_8009905c|FUN_800a5430,,yes,asm,,
0x800952C8,FUN_800952c8,664,166,FUN_80095560,DecDCTReset|DecDCTin|DecDCTout|DecDCToutSync|FUN_8009905c|FUN_800a5430|LoadImage,,yes,asm,,
0x80095560,FUN_80095560,68,17,FUN_8009743c,FUN_80094ff0|FUN_800952c8,,yes,asm,,
0x800955A4,FUN_800955a4,20,5,FUN_800977a8,,,yes,asm,,
0x800955B8,FUN_800955b8,156,39,FUN_8009743c,DrawSync|PutDispEnv|PutDrawEnv|VSync,,yes,asm,,
0x80095654,FUN_80095654,40,10,FUN_800978f0,,,yes,asm,,
0x8009567C,FUN_8009567c,68,17,FUN_80095d70|FUN_800978f0,,,yes,asm,,
0x800956C0,FUN_800956c0,8,2,FUN_800978f0,,,no,asm,,
0x800956C8,FUN_800956c8,160,40,FUN_800977a8,DecDCTReset|DecDCTinCallback|DecDCTinSync|DecDCToutCallback|DecDCToutSync|DrawSync|DrawSyncCallback|FUN_8009c1c0|FUN_8009c1e0,,yes,asm,,
0x80095768,FUN_80095768,392,98,FUN_800958f0|FUN_800977a8|FUN_80097b68,ClearImage|DecDCTReset|DecDCTinSync|DecDCToutSync|DrawSync|PutDispEnv|PutDrawEnv|SetDispMask|VSync,,yes,asm,,
0x800958F0,FUN_800958f0,720,180,FUN_800978f0,DecDCTReset|DecDCTinCallback|DecDCToutCallback|DrawSyncCallback|FUN_8001ce04|FUN_80095768|FUN_80095bc0|FUN_8009c1c0|FUN_8009c1e0|PutDispEnv|PutDrawEnv|SetDefDispEnv|SetDefDrawEnv|SetDispMask|VSync,,yes,asm,,
0x80095BC0,FUN_80095bc0,432,108,FUN_800958f0|FUN_80095d70,,,yes,asm,,
0x80095D70,FUN_80095d70,1148,287,FUN_80024c58|FUN_8008dfd0|FUN_8008e13c|FUN_8008e21c|FUN_80090ef8,DecDCTReset|DecDCTin|DecDCTinCallback|DecDCTinSync|DecDCTout|DecDCToutCallback|DecDCToutSync|DrawSyncCallback|FUN_80017154|FUN_8001745c|FUN_8001cc5c|FUN_8001ce04|FUN_8009567c|FUN_80095bc0|FUN_80098f28|FUN_8009905c|FUN_8009c1c0|FUN_8009c1e0,,yes,asm,,
0x800961EC,FUN_800961ec,156,39,FUN_800964fc,__divdi3,,yes,asm,,
0x80096288,FUN_80096288,260,65,FUN_800964fc|FUN_800967f0,FUN_800a8948|SpuSetTransferMode|SpuSetTransferStartAddr,,yes,asm,,
0x80096414,FUN_80096414,116,29,FUN_800964fc|FUN_800967f0,,,yes,asm,,
0x80096488,FUN_80096488,116,29,FUN_800964fc|FUN_800967f0,,,yes,asm,,
0x800964FC,FUN_800964fc,436,109,FUN_800967f0,FUN_800961ec|FUN_80096288|FUN_80096414|FUN_80096488|SpuSetIRQ|SpuSetIRQAddr|SpuSetIRQCallback,,yes,asm,,
0x800966B0,FUN_800966b0,256,64,FUN_80097284,FUN_8003d61c|SpuSetCommonAttr|SpuSetVoiceAttr,,yes,asm,,
0x800967F0,FUN_800967f0,340,85,FUN_8009743c,FUN_80096288|FUN_80096414|FUN_80096488|FUN_800964fc|FUN_800a8098|SpuSetKey,,yes,asm,,
0x80096944,FUN_80096944,20,5,FUN_80097b68,,,yes,asm,,
0x80096958,FUN_80096958,20,5,FUN_8009743c,,,yes,asm,,
0x80096980,FUN_80096980,20,5,FUN_8009743c,,,yes,asm,,
0x80096994,FUN_80096994,80,20,FUN_8009743c,__divdi3,,yes,asm,,
0x800969E4,FUN_800969e4,60,15,FUN_80097b68,,,yes,asm,,
0x80096A20,FUN_80096a20,860,215,FUN_8009743c,FUN_8001cc5c,,yes,asm,,
0x80096D7C,FUN_80096d7c,276,69,FUN_80096e90,,,no,asm,,
0x80096E90,FUN_80096e90,600,150,FUN_8009743c,FUN_80096d7c,,yes,asm,,
0x800970E8,FUN_800970e8,100,25,FUN_800971b0,FUN_8009c1c0|FUN_8009c1e0,,yes,asm,,
0x8009714C,FUN_8009714c,100,25,FUN_800971b0,FUN_800a8098|SpuSetKey,,yes,asm,,
0x800971B0,FUN_800971b0,196,49,FUN_80097b68,FUN_800970e8|FUN_8009714c|FUN_8009c1c0|FUN_8009c1e0|FUN_800a8a78|SpuSetIRQ|SpuSetIRQCallback|VSyncCallback,,yes,asm,,
0x80097274,FUN_80097274,8,2,FUN_800978f0,,,no,asm,,
0x8009727C,FUN_8009727c,8,2,FUN_800978f0,,,no,asm,,
0x80097284,FUN_80097284,376,94,FUN_80097b68,FUN_8001ce04|FUN_800966b0|FUN_8009c1c0|FUN_8009c1e0|FUN_800a8a78|SpuSetIRQCallback|VSyncCallback,,yes,asm,,
0x800973FC,FUN_800973fc,32,8,FUN_800978f0,FUN_80017154,,no,asm,,
0x8009741C,FUN_8009741c,32,8,FUN_800977a8,FUN_8001745c,,no,asm,,
0x8009743C,FUN_8009743c,864,216,FUN_80097b68,FUN_8001dac0|FUN_80095560|FUN_800955b8|FUN_800967f0|FUN_80096958|FUN_80096980|FUN_80096994|FUN_80096a20|FUN_80096e90|FUN_80098930|FUN_80098a30|FUN_80098ee0|VSync,,yes,asm,,
0x8009779C,FUN_8009779c,12,3,FUN_800991e4,,,yes,asm,,
0x800977A8,FUN_800977a8,328,82,FUN_800978f0|FUN_800991e4,FUN_8001a8f0|FUN_8001a994|FUN_800955a4|FUN_800956c8|FUN_80095768|FUN_8009741c|SpuFree|VSync,,yes,asm,,
0x800978F0,FUN_800978f0,632,158,FUN_800991e4,FUN_8001dac0|FUN_80095654|FUN_8009567c|FUN_800956c0|FUN_800958f0|FUN_80097274|FUN_8009727c|FUN_800973fc|FUN_800977a8|FUN_80098d00|FUN_80098f28|FUN_800a1680|SetDispMask|SpuMalloc,,yes,asm,,
0x80097B68,FUN_80097b68,396,99,FUN_800991e4,FUN_8001bcec|FUN_8001bf28|FUN_80095768|FUN_80096944|FUN_800969e4|FUN_800971b0|FUN_80097284|FUN_8009743c|FUN_80098d2c|FUN_80098e8c|SetDispMask|VSync,,yes,asm,,
0x80097CF4,FUN_80097cf4,28,7,FUN_80098644|FUN_80098a30,,,no,asm,,
0x80097D10,FUN_80097d10,140,35,FUN_80098644,CdControl|FUN_8001ce04,,no,asm,,
0x80097D9C,FUN_80097d9c,284,71,FUN_80097fa0|FUN_80098644,CdControl|FUN_8009c1c0|FUN_8009c1e0,,yes,asm,,
0x80097EB8,FUN_80097eb8,232,58,FUN_80097fd4,CdControlF,,yes,asm,,
0x80097FA0,FUN_80097fa0,52,13,FUN_80098644,FUN_80097d9c,,yes,asm,,
0x80097FD4,FUN_80097fd4,52,13,,FUN_80097eb8,,yes,asm,,
0x80098008,FUN_80098008,64,16,FUN_80098644,DsIntToPos|DsPosToInt,,no,asm,,
0x8009852C,FUN_8009852c,280,70,FUN_80098644|FUN_80098d2c,,,yes,asm,,
0x80098644,FUN_80098644,748,187,FUN_80098930|FUN_80098a30,CdControl|CdControlB|FUN_80097cf4|FUN_80097d10|FUN_80097d9c|FUN_80097fa0|FUN_80098008|FUN_8009852c|FUN_8009c1c0|FUN_8009c1e0|FUN_8009f900|FUN_8009f920,,yes,asm,,
0x80098930,FUN_80098930,256,64,FUN_8009743c,FUN_80098644,,yes,asm,,
0x80098A30,FUN_80098a30,480,120,FUN_8009743c,FUN_8001cc5c|FUN_80097cf4|FUN_80098644,,yes,asm,,
0x80098C10,FUN_80098c10,240,60,FUN_80098d2c|FUN_80098e8c,CdControlB|FUN_8009c1c0|FUN_8009c1e0|FUN_8009f8c0|FUN_8009f900|FUN_8009f920,,yes,asm,,
0x80098D00,FUN_80098d00,44,11,FUN_800978f0,,,yes,asm,,
0x80098D2C,FUN_80098d2c,352,88,FUN_80097b68,FUN_8001cc5c|FUN_8001ce04|FUN_8009852c|FUN_80098c10|FUN_8009fe20|FUN_800a0970,,yes,asm,,
0x80098E8C,FUN_80098e8c,84,21,FUN_80097b68,FUN_80098c10|FUN_8009fe20|FUN_800a0970,,yes,asm,,
0x80098EE0,FUN_80098ee0,72,18,FUN_8009743c,FUN_80098f28,,yes,asm,,
0x80098F28,FUN_80098f28,308,77,FUN_80095d70|FUN_800978f0|FUN_80098ee0,,,yes,asm,,
0x8009905C,FUN_8009905c,392,98,FUN_80094ff0|FUN_800952c8|FUN_80095d70,,,yes,asm,,
0x800991E4,FUN_800991e4,156,39,FUN_80088edc|main,FUN_8009779c|FUN_800977a8|FUN_800978f0|FUN_80097b68,,no,asm,,
0x80099280,PadSetAct,64,16,FUN_8001d5b0,,,no,asm,,
0x800992C0,PadSetActAlign,124,31,FUN_8001d5b0,,,no,asm,,
0x8009933C,PDCMD2_OBJ_7C,40,10,,FUN_8009ae54,,no,asm,,
0x80099364,PDCMD2_OBJ_A4,148,37,,,,no,asm,,
0x800993F8,PDCMD2_OBJ_138,52,13,,,,no,asm,,
0x80099430,PadGetState,184,46,FUN_8001d5b0,,,no,asm,,
0x800994E8,PDENT2_OBJ_B8,4,1,,,,no,asm,,
0x800994EC,PDENT2_OBJ_BC,16,4,,,,no,asm,,
0x80099500,PadInfoMode,228,57,FUN_8001d5b0,,,no,asm,,
0x800995E4,PDENT3_OBJ_E4,20,5,,,,no,asm,,
0x80099600,PadInfoAct,128,32,FUN_8001d5b0,,,no,asm,,
0x80099680,PDENT4_OBJ_80,12,3,,,,no,asm,,
0x8009968C,PDENT4_OBJ_8C,12,3,,,,no,asm,,
0x80099698,PDENT4_OBJ_98,12,3,,,,no,asm,,
0x800996A4,PDENT4_OBJ_A4,12,3,,,,no,asm,,
0x800996B0,PDENT4_OBJ_B0,12,3,,,,no,asm,,
0x800996C0,PDENT4_OBJ_C0,20,5,,,,no,asm,,
0x800996E0,PadStartCom,204,51,FUN_8001d1d0,ChangeClearRCnt|FUN_8009c1a0|FUN_8009c1b0|SysDeqIntRP|SysEnqIntRP,,no,asm,,
0x800997AC,PadStopCom,68,17,FUN_8001d26c,ChangeClearRCnt|FUN_8009c1a0|FUN_8009c1b0|SysDeqIntRP,,no,asm,,
0x800997F0,PadInitDirect,176,44,FUN_8001d1d0,_padInitDirPort,,no,asm,,
0x800998A0,_padInitDirPort,240,60,PadInitDirect,bzero,,no,asm,,
0x80099990,PDDIRRES_OBJ_F0,104,26,,,,no,asm,,
0x800999F8,PDDIRRES_OBJ_158,116,29,,PDDIRRES_OBJ_24C|_dirFailAuto,,no,asm,,
0x80099A6C,PDDIRRES_OBJ_1CC,92,23,,FUN_8009a4d8,,no,asm,,
0x80099AC8,PDDIRRES_OBJ_228,36,9,,,,no,asm,,
0x80099AEC,PDDIRRES_OBJ_24C,16,4,PDDIRRES_OBJ_158,,,no,asm,,
0x80099AFC,PDDIRRES_OBJ_25C,100,25,,,,no,asm,,
0x80099B60,PDDIRRES_OBJ_2C0,12,3,,,,no,asm,,
0x80099B8C,PDDIRRES_OBJ_2EC,36,9,,,,no,asm,,
0x80099BB0,PDDIRRES_OBJ_310,8,2,,,,no,asm,,
0x80099BB8,PDDIRRES_OBJ_318,212,53,,bzero,,no,asm,,
0x80099C8C,PDDIRRES_OBJ_3EC,76,19,,,,no,asm,,
0x80099CD8,PDDIRRES_OBJ_438,88,22,,,,no,asm,,
0x80099E24,PDDIRRES_OBJ_584,16,4,,,,no,asm,,
0x80099E34,PDDIRRES_OBJ_594,32,8,,,,no,asm,,
0x80099E54,PDDIRRES_OBJ_5B4,212,53,,FUN_8009b704,,no,asm,,
0x80099F28,PDDIRRES_OBJ_688,44,11,,FUN_8009ae64,,no,asm,,
0x80099F54,PDDIRRES_OBJ_6B4,16,4,,,,no,asm,,
0x80099F64,PDDIRRES_OBJ_6C4,232,58,,,,no,asm,,
0x8009A04C,PDDIRRES_OBJ_7AC,296,74,,,,no,asm,,
0x8009A174,PDDIRRES_OBJ_8D4,12,3,,,,no,asm,,
0x8009A188,PDDIRRES_OBJ_8E8,40,10,,FUN_8009aee8,,no,asm,,
0x8009A1B0,PDDIRRES_OBJ_910,16,4,,,,no,asm,,
0x8009A1C0,PDDIRRES_OBJ_920,16,4,,,,no,asm,,
0x8009A1D0,_dirFailAuto,208,52,PDDIRRES_OBJ_158,,,no,asm,,
0x8009A2A0,PDDIRRES_OBJ_A00,16,4,,,,no,asm,,
0x8009A2B0,PDDIRRES_OBJ_A10,44,11,,,,no,asm,,
0x8009A4D8,FUN_8009a4d8,820,205,PDDIRRES_OBJ_1CC,FUN_8009ad9c|FUN_8009ae2c|FUN_8009b7ac|FUN_8009b7cc,,no,asm,,
0x8009A80C,FUN_8009a80c,240,60,,FUN_8009ad9c|FUN_8009b7ac,,no,asm,,
0x8009A8FC,FUN_8009a8fc,548,137,,FUN_8009b7cc,,no,asm,,
0x8009AB20,FUN_8009ab20,636,159,,FUN_8009b7ac|FUN_8009b7cc,,no,asm,,
0x8009AD9C,FUN_8009ad9c,144,36,FUN_8009a4d8|FUN_8009a80c,FUN_8009b7cc,,no,asm,,
0x8009AE2C,FUN_8009ae2c,40,10,FUN_8009a4d8,,,no,asm,,
0x8009AE54,FUN_8009ae54,16,4,PDCMD2_OBJ_7C,,,no,asm,,
0x8009AE64,FUN_8009ae64,132,33,PDDIRRES_OBJ_688,FUN_8009b724|FUN_8009b738|FUN_8009b778,,no,asm,,
0x8009AEE8,FUN_8009aee8,624,156,PDDIRRES_OBJ_8E8,FUN_8009b158|FUN_8009b190,,no,asm,,
0x8009B158,FUN_8009b158,56,14,FUN_8009aee8,,,no,asm,,
0x8009B190,FUN_8009b190,212,53,FUN_8009aee8,,,no,asm,,
0x8009B704,FUN_8009b704,32,8,PDDIRRES_OBJ_5B4,,,no,asm,,
0x8009B724,FUN_8009b724,20,5,FUN_8009ae64,,,no,asm,,
0x8009B738,FUN_8009b738,32,8,FUN_8009ae64,,,no,asm,,
0x8009B758,FUN_8009b758,32,8,,,,no,asm,,
0x8009B778,FUN_8009b778,32,8,FUN_8009ae64,,,no,asm,,
0x8009B798,FUN_8009b798,20,5,,,,no,asm,,
0x8009B7AC,FUN_8009b7ac,32,8,FUN_8009a4d8|FUN_8009a80c|FUN_8009ab20,,,no,asm,,
0x8009B7CC,FUN_8009b7cc,160,40,FUN_8009a4d8|FUN_8009a8fc|FUN_8009ab20|FUN_8009ad9c,,,no,asm,,
0x8009C150,_bu_init,12,3,FUN_8001ee54,,,no,asm,,
0x8009C160,OpenEvent,12,3,FUN_8001eecc|SpuStart,,,no,asm,,
0x8009C170,CloseEvent,12,3,FUN_8001f118|FUN_800a6968,,,no,asm,,
0x8009C180,EnableEvent,12,3,FUN_8001eecc|SpuStart,,,no,asm,,
0x8009C190,DisableEvent,12,3,FUN_8001f118|FUN_800a6968,,,no,asm,,
0x8009C1A0,FUN_8009c1a0,16,4,FUN_8009d600|FUN_800a6968|INTR_OBJ_584|InitCARD|InitPAD|PAD_OBJ_16C|PAD_init|PadStartCom|PadStopCom|SpuStart|StartCARD|_patch_card|_patch_card2|_patch_gte|_patch_pad|_remove_ChgclrPAD,,,no,asm,,
0x8009C1B0,FUN_8009c1b0,16,4,FUN_8009d600|FUN_800a6968|INTR_OBJ_194|INTR_OBJ_624|InitCARD|InitPAD|PAD_OBJ_16C|PAD_init|PadStartCom|PadStopCom|SpuStart|StartCARD|_patch_gte|_remove_ChgclrPAD,,,no,asm,,
0x8009C1C0,FUN_8009c1c0,32,8,FUN_8001b798|FUN_8001ee54|FUN_8001ee9c|FUN_8001eecc|FUN_8001f118|FUN_8001f2dc|FUN_8001f348|FUN_800956c8|FUN_800958f0|FUN_80095d70|FUN_800970e8|FUN_800971b0|FUN_80097284|FUN_80097d9c|FUN_80098644|FUN_80098c10,,,no,asm,,
0x8009C1E0,FUN_8009c1e0,28,7,FUN_8001b798|FUN_8001ee54|FUN_8001eecc|FUN_8001f118|FUN_8001f2dc|FUN_8001f348|FUN_800956c8|FUN_800958f0|FUN_80095d70|FUN_800970e8|FUN_800971b0|FUN_80097284|FUN_80097d9c|FUN_80098644|FUN_80098c10,,,no,asm,,
0x8009C200,SysEnqIntRP,12,3,PAD_OBJ_16C|PadStartCom,,,no,asm,,
0x8009C210,SysDeqIntRP,12,3,PAD_OBJ_16C|PadStartCom|PadStopCom,,,no,asm,,
0x8009C220,ChangeClearRCnt,12,3,INTR_OBJ_4EC|PadStartCom|PadStopCom|VSYNC_OBJ_178,,,no,asm,,
0x8009C230,InitHeap3,96,24,FUN_80079470,,,no,asm,,
0x8009C290,malloc3,20,5,FUN_8001cb84,,,no,asm,,
0x8009C2A4,MALLOC3_OBJ_14,40,10,,,,no,asm,,
0x8009C2CC,MALLOC3_OBJ_3C,56,14,,,,no,asm,,
0x8009C304,MALLOC3_OBJ_74,16,4,,,,no,asm,,
0x8009C338,MALLOC3_OBJ_A8,8,2,,,,no,asm,,
0x8009C340,free3,68,17,FUN_8001cc04,,,no,asm,,
0x8009C384,FREE3_OBJ_44,188,47,,,,no,asm,,
0x8009C440,FREE3_OBJ_100,56,14,,,,no,asm,,
0x8009C478,FREE3_OBJ_138,16,4,,,,no,asm,,
0x8009C490,exit,12,3,FUN_8001afc4|FUN_8001b05c,,,no,asm,,
0x8009C4A0,strcat,12,3,FUN_8001c58c|FUN_8002896c|FUN_8007a994|FUN_8007cb6c|FUN_8007ea64|FUN_80087fa8|FUN_8008c5c0,,,no,asm,,
0x8009C4B0,strcmp,12,3,FUN_8001fa3c|FUN_8008fb60|ISO9660_OBJ_5BC,,,no,asm,,
0x8009C4C0,strcpy,12,3,FUN_8001c58c|FUN_80024080|FUN_80024284|FUN_80029dbc|FUN_8002baa8|FUN_8007a994|FUN_8007cb6c|FUN_8007d32c|FUN_8007ea64|FUN_8007f810|FUN_80080cbc|FUN_800855a0|FUN_80087130|FUN_80087fa8|FUN_8008927c|FUN_8008c5c0|FUN_8008d5f4|FUN_8008f0c8|FUN_80090008|FUN_80090fb4|FUN_800931d8|FUN_800937f8|FUN_80093938,,,no,asm,,
0x8009C4D0,strlen,12,3,FUN_8001c58c|FUN_8001fce0|FUN_8002552c|FUN_8002896c|FUN_80029dbc|FUN_80044d24|FUN_8007a780|FUN_8007cb6c|FUN_8007d32c|FUN_80080cbc|FUN_8008d064|FUN_8008d5f4|FUN_80093748|SPRINTF_OBJ_6C8,,,no,asm,,
0x8009C4E0,toupper,12,3,FUN_8001c58c,,,no,asm,,
0x8009C4F0,bzero,12,3,PDDIRRES_OBJ_318|_padInitDirPort,,,no,asm,,
0x8009C500,printf,12,3,BIOS_1_OBJ_64|CD_cw|CD_datasync|CD_init|CD_ready|CD_sync|CdInit|FUN_8001a24c|INTR_DMA_OBJ_4C|INTR_OBJ_26C|ISO9660_OBJ_108|ISO9660_OBJ_2A4|ISO9660_OBJ_2F8|ISO9660_OBJ_660|ISO9660_OBJ_7F0|LIBPRESS_OBJ_394|LIBPRESS_OBJ_60C|ResetGraph|SPU_OBJ_280|SPU_OBJ_390|SYS_OBJ_28B4|S_SI_OBJ_F4|_spu_init,,,no,asm,,
0x8009C510,sprintf,148,37,FUN_8001fae8|FUN_8001fd88|FUN_80024684|FUN_8002552c|FUN_8002896c|FUN_800430e4|FUN_80043520|FUN_80045098|FUN_8007a994|FUN_8007f4a0|FUN_8007f810|FUN_80081a9c|FUN_80088edc|FUN_8008a52c|FUN_8008ee98|FUN_800921a0|FUN_8009233c|main,,,no,asm,,
0x8009C5A4,SPRINTF_OBJ_94,300,75,,,,no,asm,,
0x8009C6D0,SPRINTF_OBJ_1C0,156,39,,,,no,asm,,
0x8009C76C,SPRINTF_OBJ_25C,68,17,,,,no,asm,,
0x8009C7B0,SPRINTF_OBJ_2A0,36,9,,,,no,asm,,
0x8009C7D4,SPRINTF_OBJ_2C4,12,3,,,,no,asm,,
0x8009C7E0,SPRINTF_OBJ_2D0,12,3,,,,no,asm,,
0x8009C7EC,SPRINTF_OBJ_2DC,12,3,,,,no,asm,,
0x8009C7F8,SPRINTF_OBJ_2E8,32,8,,,,no,asm,,
0x8009C818,SPRINTF_OBJ_308,88,22,,,,no,asm,,
0x8009C870,SPRINTF_OBJ_360,52,13,,,,no,asm,,
0x8009C8A4,SPRINTF_OBJ_394,236,59,,,,no,asm,,
0x8009C990,SPRINTF_OBJ_480,256,64,,,,no,asm,,
0x8009CA90,SPRINTF_OBJ_580,20,5,,,,no,asm,,
0x8009CAA4,SPRINTF_OBJ_594,12,3,,,,no,asm,,
0x8009CAB0,SPRINTF_OBJ_5A0,8,2,,,0123456789abcdef,no,asm,,
0x8009CAB8,SPRINTF_OBJ_5A8,256,64,,,0123456789abcdef,no,asm,,
0x8009CBB8,SPRINTF_OBJ_6A8,32,8,,,,no,asm,,
0x8009CBD8,SPRINTF_OBJ_6C8,140,35,,memchr|strlen,,no,asm,,
0x8009CC64,SPRINTF_OBJ_754,52,13,,,,no,asm,,
0x8009CC98,SPRINTF_OBJ_788,24,6,,,,no,asm,,
0x8009CCB0,SPRINTF_OBJ_7A0,140,35,,memmove,,no,asm,,
0x8009CD3C,SPRINTF_OBJ_82C,88,22,,,,no,asm,,
0x8009CDA0,memchr,12,3,SPRINTF_OBJ_6C8,,,no,asm,,
0x8009CDB0,memmove,100,25,SPRINTF_OBJ_7A0,,,no,asm,,
0x8009CE14,MEMMOVE_OBJ_64,8,2,,,,no,asm,,
0x8009CE20,_card_info,12,3,FUN_8001f47c,,,no,asm,,
0x8009CE30,_card_load,12,3,,,,no,asm,,
0x8009CE40,_card_auto,12,3,FUN_8001ee54,,,no,asm,,
0x8009CE50,_card_write,12,3,_card_clear,,,no,asm,,
0x8009CE60,_card_read,12,3,,,,no,asm,,
0x8009CE70,_card_clear,52,13,,_card_write|_new_card,,no,asm,,
0x8009CEB0,_new_card,12,3,_card_clear,,,no,asm,,
0x8009CEC0,InitCARD,144,36,FUN_8001ee54,ChangeClearPAD|FUN_8009c1a0|FUN_8009c1b0|InitCARD2|ReadInitPadFlag|VSync|_copy_memcard_patch|_patch_card|_patch_card2|_patch_card_info,,no,asm,,
0x8009CF50,StartCARD,72,18,FUN_8001ee54,ChangeClearPAD|FUN_8009c1a0|FUN_8009c1b0|StartCARD2,,no,asm,,
0x8009CF98,StopCARD,40,10,FUN_8001ee9c,FUN_8009d600|StopCARD2,,no,asm,,
0x8009CFC0,ChangeClearPAD,12,3,INTR_OBJ_4EC|InitCARD|InitPAD|PAD_init|StartCARD|StartPAD|VSYNC_OBJ_178,,,no,asm,,
0x8009CFD0,SetInitPadFlag,12,3,,,,no,asm,,
0x8009CFDC,ReadInitPadFlag,16,4,InitCARD,,,no,asm,,
0x8009CFEC,PAD_init,144,36,,ChangeClearPAD|FUN_8009c1a0|FUN_8009c1b0|PAD_OBJ_16C|PAD_init2|_patch_pad|_remove_ChgclrPAD,,no,asm,,
0x8009D07C,InitPAD,144,36,,ChangeClearPAD|FUN_8009c1a0|FUN_8009c1b0|InitPAD2|PAD_OBJ_16C|_patch_pad|_remove_ChgclrPAD,,no,asm,,
0x8009D10C,StartPAD,48,12,,ChangeClearPAD|EnablePAD|StartPAD2,,no,asm,,
0x8009D13C,PAD_OBJ_16C,120,30,InitPAD|PAD_init,FUN_8009c1a0|FUN_8009c1b0|SysDeqIntRP|SysEnqIntRP,,no,asm,,
0x8009D1B4,PAD_OBJ_1E4,104,26,,,,no,asm,,
0x8009D21C,PAD_OBJ_24C,64,16,,,,no,asm,,
0x8009D260,InitPAD2,12,3,InitPAD,,,no,asm,,
0x8009D270,StartPAD2,12,3,StartPAD,,,no,asm,,
0x8009D280,PAD_init2,12,3,PAD_init,,,no,asm,,
0x8009D290,EnablePAD,20,5,StartPAD,,,no,asm,,
0x8009D2A4,DisablePAD,20,5,,,,no,asm,,
0x8009D2B8,_patch_pad,112,28,InitPAD|PAD_init,FUN_8009c1a0|FlushCache,,no,asm,,
0x8009D330,FlushCache,12,3,FUN_8009d600|_patch_card|_patch_card2|_patch_card_info|_patch_gte|_patch_pad|_remove_ChgclrPAD,,,no,asm,,
0x8009D340,_remove_ChgclrPAD,104,26,InitPAD|PAD_init,FUN_8009c1a0|FUN_8009c1b0|FlushCache,,no,asm,,
0x8009D3B0,InitCARD2,12,3,InitCARD,,,no,asm,,
0x8009D3C0,StartCARD2,12,3,StartCARD,,,no,asm,,
0x8009D3D0,StopCARD2,12,3,StopCARD,,,no,asm,,
0x8009D3E0,_patch_card_info,68,17,InitCARD,FlushCache,,no,asm,,
0x8009D4BC,_patch_card,148,37,InitCARD,FUN_8009c1a0|FlushCache,,no,asm,,
0x8009D550,_patch_card2,112,28,InitCARD,FUN_8009c1a0|FlushCache,,no,asm,,
0x8009D5C0,_copy_memcard_patch,52,13,InitCARD,,,no,asm,,
0x8009D600,FUN_8009d600,112,28,StopCARD,FUN_8009c1a0|FUN_8009c1b0|FlushCache,,no,asm,,
0x8009D680,CdInit,128,32,FUN_8001ba74|FUN_80079470,EVENT_OBJ_90|printf,CdInit: Init failed\n,no,asm,,
0x8009D700,EVENT_OBJ_80,16,4,,,,no,asm,,
0x8009D710,EVENT_OBJ_90,44,11,CdInit,CD_init|CD_initvol,,no,asm,,
0x8009D73C,EVENT_OBJ_BC,16,4,,,,no,asm,,
0x8009D74C,EVENT_OBJ_CC,40,10,,DeliverEvent,,no,asm,,
0x8009D774,EVENT_OBJ_F4,40,10,,DeliverEvent,,no,asm,,
0x8009D79C,EVENT_OBJ_11C,40,10,,DeliverEvent,,no,asm,,
0x8009D7D0,DeliverEvent,12,3,EVENT_OBJ_11C|EVENT_OBJ_CC|EVENT_OBJ_F4|_spu_FiDMA,,,no,asm,,
0x8009D7E0,DsPosToInt,128,32,CDR_1_OBJ_378|CDR_1_OBJ_D4|FUN_80098008,,,no,asm,,
0x8009D860,CdSearchFile,264,66,FUN_8001bd68,ISO9660_OBJ_2F8|ISO9660_OBJ_5BC,,no,asm,,
0x8009D968,ISO9660_OBJ_108,412,103,,ISO9660_OBJ_2D8|ISO9660_OBJ_660|printf,%s: path level (%d) error\n|%s: dir was not found\n|CdSearchFile: disc error\n|CdSearchFile: searching %s...\n|%s:  found\n|%s: not found\n,no,asm,,
0x8009DB04,ISO9660_OBJ_2A4,12,3,,printf,,no,asm,,
0x8009DB10,ISO9660_OBJ_2B0,40,10,,,,no,asm,,
0x8009DB38,ISO9660_OBJ_2D8,32,8,ISO9660_OBJ_108,strncmp,,no,asm,,
0x8009DB58,ISO9660_OBJ_2F8,668,167,CdSearchFile,ISO9660_OBJ_8FC|memcpy|printf|strncmp,"CD_newmedia: Read error in cd_read(PVD)\n|CD001|CD_newmedia: Disc format error in cd_read(PVD)\n|CD_newmedia: Read error (PT:%08x)\n|CD_newmedia: sarching dir..\n|	%08x,%04x,%04x,%s\n|CD_newmedia: %d dir entries found\n",no,asm,,
0x8009DDF4,ISO9660_OBJ_594,40,10,,,,no,asm,,
0x8009DE1C,ISO9660_OBJ_5BC,132,33,CdSearchFile,strcmp,,no,asm,,
0x8009DEA0,ISO9660_OBJ_640,32,8,,,,no,asm,,
0x8009DEC0,ISO9660_OBJ_660,372,93,ISO9660_OBJ_108,DsIntToPos|ISO9660_OBJ_8FC|printf,CD_cachefile: dir not found\n|CD_cachefile: searching...\n,no,asm,,
0x8009E034,ISO9660_OBJ_7D4,28,7,,memcpy,,no,asm,,
0x8009E050,ISO9660_OBJ_7F0,228,57,,printf,	(%02x:%02x:%02x) %8d %s\n|CD_cachefile: %d files found\n,no,asm,,
0x8009E134,ISO9660_OBJ_8D4,40,10,,,,no,asm,,
0x8009E15C,ISO9660_OBJ_8FC,104,26,ISO9660_OBJ_2F8|ISO9660_OBJ_660,CdControl|CdRead|CdReadSync|DsIntToPos,,no,asm,,
0x8009E1D0,strncmp,12,3,ISO9660_OBJ_2D8|ISO9660_OBJ_2F8,,,no,asm,,
0x8009E1E0,memcpy,12,3,DrawOTagEnv|GetDispEnv|GetDrawEnv|ISO9660_OBJ_2F8|ISO9660_OBJ_7D4|PutDrawEnv|SYS_OBJ_100C,,,no,asm,,
0x8009E1F0,BIOS_1_OBJ_0,100,25,BIOS_1_OBJ_14D8|BIOS_1_OBJ_6CC|BIOS_1_OBJ_94C|BIOS_1_OBJ_DA8,,,no,asm,,
0x8009E254,BIOS_1_OBJ_64,512,128,,printf,"DiskError: |com=%s,code=(%02x:%02x)\n",no,asm,,
0x8009E454,BIOS_1_OBJ_264,256,64,,,,no,asm,,
0x8009E554,BIOS_1_OBJ_364,76,19,,,,no,asm,,
0x8009E5A0,BIOS_1_OBJ_3B0,128,32,,,,no,asm,,
0x8009E620,BIOS_1_OBJ_430,128,32,,,,no,asm,,
0x8009E6A0,BIOS_1_OBJ_4B0,128,32,,,,no,asm,,
0x8009E740,BIOS_1_OBJ_550,20,5,,,,no,asm,,
0x8009E754,CD_sync,312,78,CD_cw|CD_init|CdControlB|FUN_8009f8c0,CD_flush|FUN_8009f778|VSync|printf,"CD timeout: |%s:(%s) Sync=%s, Ready=%s\n|CD_sync",no,asm,,
0x8009E88C,BIOS_1_OBJ_69C,48,12,,CheckCallback,,no,asm,,
0x8009E8BC,BIOS_1_OBJ_6CC,232,58,,BIOS_1_OBJ_0,,no,asm,,
0x8009E9A4,BIOS_1_OBJ_7B4,48,12,,,,no,asm,,
0x8009E9D4,CD_ready,312,78,FUN_8009f8e0,CD_flush|FUN_8009f778|VSync|printf,"CD timeout: |%s:(%s) Sync=%s, Ready=%s\n|CD_ready",no,asm,,
0x8009EB0C,BIOS_1_OBJ_91C,48,12,,CheckCallback,,no,asm,,
0x8009EB3C,BIOS_1_OBJ_94C,304,76,,BIOS_1_OBJ_0,,no,asm,,
0x8009EC6C,BIOS_1_OBJ_A7C,48,12,,,,no,asm,,
0x8009EC9C,CD_cw,716,179,CD_init|CdControl|CdControlB|CdControlF,CD_flush|CD_sync|FUN_8009f778|VSync|printf,"NoIntr|CD timeout: |%s:(%s) Sync=%s, Ready=%s\n|%s...\n|%s: no param\n|CD_cw",no,asm,,
0x8009EF68,BIOS_1_OBJ_D78,48,12,,CheckCallback,,no,asm,,
0x8009EF98,BIOS_1_OBJ_DA8,232,58,,BIOS_1_OBJ_0,,no,asm,,
0x8009F080,BIOS_1_OBJ_E90,40,10,,,,no,asm,,
0x8009F0A8,CD_vol,136,34,,,,no,asm,,
0x8009F130,CD_flush,212,53,CD_cw|CD_datasync|CD_ready|CD_sync|FUN_800a0840,,,no,asm,,
0x8009F204,CD_initvol,240,60,EVENT_OBJ_90,,,no,asm,,
0x8009F2F4,CD_initintr,76,19,,InterruptCallback|ResetCallback,,no,asm,,
0x8009F340,CD_init,464,116,EVENT_OBJ_90,CD_cw|CD_sync|FUN_8009f778|InterruptCallback|ResetCallback|printf,CD_init:|addr=%08x\n,no,asm,,
0x8009F510,BIOS_1_OBJ_1320,16,4,,,,no,asm,,
0x8009F520,CD_datasync,280,70,FUN_8009fe50,CD_flush|FUN_8009f778|VSync|printf,"CD timeout: |%s:(%s) Sync=%s, Ready=%s\n|CD_datasync",no,asm,,
0x8009F638,BIOS_1_OBJ_1448,80,20,,,,no,asm,,
0x8009F688,CD_set_test_parmnum,12,3,,,,no,asm,,
0x8009F694,BIOS_1_OBJ_14A4,52,13,,,,no,asm,,
0x8009F6C8,BIOS_1_OBJ_14D8,164,41,,BIOS_1_OBJ_0,,no,asm,,
0x8009F778,FUN_8009f778,12,3,CDR_1_OBJ_378|CDR_1_OBJ_D4|CD_cw|CD_datasync|CD_init|CD_ready|CD_sync|VSYNC_OBJ_178,,,no,asm,,
0x8009F790,DsIntToPos,260,65,FUN_80098008|ISO9660_OBJ_660|ISO9660_OBJ_8FC,,,no,asm,,
0x8009F8A0,FUN_8009f8a0,20,5,,,,no,asm,,
0x8009F8C0,FUN_8009f8c0,32,8,FUN_80098c10,CD_sync,,no,asm,,
0x8009F8E0,FUN_8009f8e0,32,8,CDR_1_OBJ_934|FUN_8001afc4|FUN_8001b05c|FUN_8001b798,CD_ready,,no,asm,,
0x8009F900,FUN_8009f900,20,5,CDR_1_OBJ_19C|CDR_1_OBJ_2A8|CDR_1_OBJ_378|CDR_1_OBJ_634|CDR_1_OBJ_77C|CDR_1_OBJ_7F0|CdReadBreak|FUN_8001b05c|FUN_8001b798|FUN_80098644|FUN_80098c10,,,no,asm,,
0x8009F920,FUN_8009f920,20,5,CDR_1_OBJ_19C|CDR_1_OBJ_2A8|CDR_1_OBJ_378|CDR_1_OBJ_634|CDR_1_OBJ_7F0|FUN_8001ba74|FUN_80098644|FUN_80098c10,,,no,asm,,
0x8009F940,CdControl,316,79,CDR_1_OBJ_378|FUN_8001afc4|FUN_8001b05c|FUN_8001b798|FUN_8001b9e4|FUN_8001ba74|FUN_80097d10|FUN_80097d9c|FUN_80098644|ISO9660_OBJ_8FC,CD_cw,,no,asm,,
0x8009FA7C,CdControlF,308,77,CDR_1_OBJ_19C|CDR_1_OBJ_2A8|CDR_1_OBJ_378|CDR_1_OBJ_634|FUN_8001afc4|FUN_8001b05c|FUN_80097eb8,CD_cw,,no,asm,,
0x8009FBB0,CdControlB,284,71,CDR_1_OBJ_7F0|FUN_80098644|FUN_80098c10,CD_cw|CD_sync,,no,asm,,
0x8009FCCC,S_016_OBJ_38C,48,12,,,,no,asm,,
0x8009FD00,DsGetSector,32,8,CDR_1_OBJ_34|CDR_1_OBJ_D4,CD_getsector,,no,asm,,
0x8009FD20,CD_getsector,256,64,DsGetSector,,,no,asm,,
0x8009FE20,FUN_8009fe20,36,9,CDR_1_OBJ_19C|CDR_1_OBJ_2A8|CDR_1_OBJ_34|CDR_1_OBJ_378|CDR_1_OBJ_634|CDR_1_OBJ_7F0|FUN_80098d2c|FUN_80098e8c,DMACallback,,no,asm,,
0x8009FE50,FUN_8009fe50,32,8,CDR_1_OBJ_34|CdReadBreak,CD_datasync,,no,asm,,
0x8009FEA4,CDR_1_OBJ_34,160,40,,DsGetSector|FUN_8009fe20|FUN_8009fe50|FUN_800a0860,,no,asm,,
0x8009FF44,CDR_1_OBJ_D4,196,49,,DsGetSector|DsPosToInt|FUN_8009f778|FUN_800a0860,CdRead: sector error\n,no,asm,,
0x800A000C,CDR_1_OBJ_19C,268,67,,CDR_1_OBJ_378|CdControlF|FUN_8009f900|FUN_8009f920|FUN_8009fe20|VSync,,no,asm,,
0x800A0118,CDR_1_OBJ_2A8,208,52,,CdControlF|FUN_8009f900|FUN_8009f920|FUN_8009fe20,,no,asm,,
0x800A01E8,CDR_1_OBJ_378,464,116,CDR_1_OBJ_19C|CDR_1_OBJ_7F0|CdReadSync,CdControl|CdControlF|DsPosToInt|FUN_8009f778|FUN_8009f900|FUN_8009f920|FUN_8009fe20|FUN_800a0810|FUN_800a0820|FUN_800a0830|FUN_800a0840|VSync,CdRead: Shell open...\n|CdRead: retry...\n,no,asm,,
0x800A03B8,CDR_1_OBJ_548,24,6,,,,no,asm,,
0x800A03D0,CdReadBreak,212,53,,FUN_8009f900|FUN_8009fe50|VSync,,no,asm,,
0x800A04A4,CDR_1_OBJ_634,184,46,,CdControlF|FUN_8009f900|FUN_8009f920|FUN_8009fe20|VSync,,no,asm,,
0x800A055C,CDR_1_OBJ_6EC,20,5,,,,no,asm,,
0x800A0570,CdRead,124,31,ISO9660_OBJ_8FC,VSync,,no,asm,,
0x800A05EC,CDR_1_OBJ_77C,72,18,,FUN_8009f900,,no,asm,,
0x800A0654,CDR_1_OBJ_7E4,12,3,,,,no,asm,,
0x800A0660,CDR_1_OBJ_7F0,172,43,,CDR_1_OBJ_378|CdControlB|FUN_8009f900|FUN_8009f920|FUN_8009fe20|FUN_800a0810|VSync,,no,asm,,
0x800A070C,CdReadSync,152,38,ISO9660_OBJ_8FC,CDR_1_OBJ_378|VSync,,no,asm,,
0x800A07A4,CDR_1_OBJ_934,108,27,,FUN_8009f8e0,,no,asm,,
0x800A0810,FUN_800a0810,16,4,CDR_1_OBJ_378|CDR_1_OBJ_7F0,,,no,asm,,
0x800A0820,FUN_800a0820,16,4,CDR_1_OBJ_378,,,no,asm,,
0x800A0830,FUN_800a0830,12,3,CDR_1_OBJ_378,,,no,asm,,
0x800A0840,FUN_800a0840,32,8,CDR_1_OBJ_378,CD_flush,,no,asm,,
0x800A0860,FUN_800a0860,32,8,CDR_1_OBJ_34|CDR_1_OBJ_D4,CD_getsector2,,no,asm,,
0x800A0880,CD_getsector2,236,59,FUN_800a0860,,,no,asm,,
0x800A0970,FUN_800a0970,20,5,FUN_80098d2c|FUN_80098e8c,,,no,asm,,
0x800A0990,VSync,164,41,CDR_1_OBJ_19C|CDR_1_OBJ_378|CDR_1_OBJ_634|CDR_1_OBJ_7F0|CD_cw|CD_datasync|CD_ready|CD_sync|CdRead|CdReadBreak|CdReadSync|DrawOTag2|FUN_8007d32c|FUN_800955b8|FUN_80095768|FUN_800958f0|FUN_8009743c|FUN_800977a8|FUN_80097b68|InitCARD|LoadImage2|MoveImage2|SYS_OBJ_2880|SYS_OBJ_28B4|StoreImage2,,,no,asm,,
0x800A0A34,VSYNC_OBJ_A4,192,48,,VSYNC_OBJ_178,,no,asm,,
0x800A0AF4,VSYNC_OBJ_164,20,5,,,,no,asm,,
0x800A0B08,VSYNC_OBJ_178,136,34,VSYNC_OBJ_A4,ChangeClearPAD|ChangeClearRCnt|FUN_8009f778,VSync: timeout\n,no,asm,,
0x800A0B90,VSYNC_OBJ_200,16,4,,,,no,asm,,
0x800A0BA0,ResetCallback,48,12,CD_init|CD_initintr|DecDCTReset|FUN_8001ce34|ResetGraph|_SpuInit,,,no,asm,,
0x800A0BD0,InterruptCallback,48,12,CD_init|CD_initintr|FUN_8001ba74|FUN_800a86f8|startIntrDMA|startIntrVSync,,,no,asm,,
0x800A0C00,DMACallback,48,12,DecDCTinCallback|DecDCToutCallback|FUN_8009fe20|FUN_800a6918|SYS_OBJ_2144|SYS_OBJ_23A8|SYS_OBJ_2B14|SYS_OBJ_2C00|SYS_OBJ_2CF4|SYS_OBJ_2E44|SetGraphQueue|_GPU_ResetCallback,,,no,asm,,
0x800A0C30,VSyncCallback,52,13,FUN_8001dd94|FUN_8001de34|FUN_8001f2dc|FUN_8001f348|FUN_800971b0|FUN_80097284,,,no,asm,,
0x800A0C64,VSyncCallbacks,48,12,,,,no,asm,,
0x800A0C94,StopCallback,48,12,FUN_8001ce94,,,no,asm,,
0x800A0CC4,RestartCallback,48,12,,,,no,asm,,
0x800A0CF4,CheckCallback,16,4,BIOS_1_OBJ_69C|BIOS_1_OBJ_91C|BIOS_1_OBJ_D78,,,no,asm,,
0x800A0D04,GetIntrMask,24,6,,,,no,asm,,
0x800A0D1C,SetIntrMask,24,6,SYS_OBJ_2144|SYS_OBJ_22FC|SYS_OBJ_23A8|SYS_OBJ_2608|SYS_OBJ_2710|SYS_OBJ_28B4,,,no,asm,,
0x800A0D34,INTR_OBJ_194,216,54,,FUN_8009c1b0|FUN_800a1268|HookEntryInt|INTR_OBJ_26C|INTR_OBJ_69C|setjmp|startIntrDMA|startIntrVSync,,no,asm,,
0x800A0E0C,INTR_OBJ_26C,420,105,INTR_OBJ_194,ReturnFromException|printf,unexpected interrupt(%04x)\n|intr timeout(%04x:%04x)\n,no,asm,,
0x800A0FB0,INTR_OBJ_410,44,11,,ReturnFromException,,no,asm,,
0x800A0FDC,INTR_OBJ_43C,176,44,,,,no,asm,,
0x800A108C,INTR_OBJ_4EC,152,38,,ChangeClearPAD|ChangeClearRCnt,,no,asm,,
0x800A1124,INTR_OBJ_584,160,40,,FUN_8009c1a0|ResetEntryInt,,no,asm,,
0x800A11C4,INTR_OBJ_624,104,26,,FUN_8009c1b0|HookEntryInt,,no,asm,,
0x800A122C,INTR_OBJ_68C,16,4,,,,no,asm,,
0x800A123C,INTR_OBJ_69C,36,9,INTR_OBJ_194,,,no,asm,,
0x800A1268,FUN_800a1268,12,3,INTR_OBJ_194,,,no,asm,,
0x800A1280,ReturnFromException,12,3,INTR_OBJ_26C|INTR_OBJ_410,,,no,asm,,
0x800A1290,ResetEntryInt,12,3,INTR_OBJ_584,,,no,asm,,
0x800A12A0,HookEntryInt,12,3,INTR_OBJ_194|INTR_OBJ_624,,,no,asm,,
0x800A12B0,setjmp,12,3,INTR_OBJ_194,,,no,asm,,
0x800A12C0,startIntrVSync,88,22,INTR_OBJ_194,INTR_VB_OBJ_F0|InterruptCallback,,no,asm,,
0x800A1318,INTR_VB_OBJ_58,108,27,,,,no,asm,,
0x800A1384,INTR_VB_OBJ_C4,44,11,,,,no,asm,,
0x800A13B0,INTR_VB_OBJ_F0,36,9,startIntrVSync,,,no,asm,,
0x800A13E0,startIntrDMA,76,19,INTR_OBJ_194,INTR_DMA_OBJ_278|InterruptCallback,,no,asm,,
0x800A142C,INTR_DMA_OBJ_4C,384,96,,printf,DMA bus error: code=%08x\n|MADR[%d]=%08x\n,no,asm,,
0x800A15AC,INTR_DMA_OBJ_1CC,164,41,,,,no,asm,,
0x800A1650,INTR_DMA_OBJ_270,8,2,,,,no,asm,,
0x800A1658,INTR_DMA_OBJ_278,36,9,startIntrDMA,,,no,asm,,
0x800A1680,FUN_800a1680,20,5,FUN_8001a884|FUN_800978f0,,,no,asm,,
0x800A1694,FUN_800a1694,16,4,PutDispEnv|SYS_OBJ_D4C|SetDefDrawEnv,,,no,asm,,
0x800A16B0,ResetGraph,272,68,FUN_8001a774,GPU_cw|ResetCallback|SYS_OBJ_2608|SYS_OBJ_2ED8|printf,"ResetGraph:jtb=%08x,env=%08x\n",no,asm,,
0x800A17C0,SYS_OBJ_110,80,20,,,ResetGraph(%d)...\n,no,asm,,
0x800A1810,SYS_OBJ_160,20,5,,,,no,asm,,
0x800A1824,SetGraphDebug,92,23,FUN_8001a774,,"SetGraphDebug:level:%d,type:%d reverse:%d\n",no,asm,,
0x800A1880,SetGraphQueue,164,41,,DMACallback,SetGrapQue(%d)...\n,no,asm,,
0x800A1924,GetGraphDebug,16,4,,,,no,asm,,
0x800A1934,DrawSyncCallback,96,24,FUN_800956c8|FUN_800958f0|FUN_80095d70,,DrawSyncCallback(%08x)...\n,no,asm,,
0x800A1994,SetDispMask,152,38,FUN_8001a774|FUN_80095768|FUN_800958f0|FUN_800978f0|FUN_80097b68,SYS_OBJ_2ED8,SetDispMask(%d)...\n,no,asm,,
0x800A1A2C,DrawSync,104,26,FUN_8001a24c|FUN_80025448|FUN_80039098|FUN_800443cc|FUN_800666c8|FUN_8006674c|FUN_800838f8|FUN_80088edc|FUN_8008dfd0|FUN_8008e13c|FUN_8008e21c|FUN_8008e2ec|FUN_8008e480|FUN_80092e08|FUN_80092f5c|FUN_800955b8|FUN_800956c8|FUN_80095768,,DrawSync(%d)...\n,no,asm,,
0x800A1A94,SYS_OBJ_3E4,208,52,ClearImage|ClearImage2|LoadImage|LoadImage2|MoveImage|MoveImage2|StoreImage|StoreImage2,,%s:bad RECT,no,asm,,
0x800A1B64,SYS_OBJ_4B4,60,15,,,"(%d,%d)-(%d,%d)\n",no,asm,,
0x800A1BA0,SYS_OBJ_4F0,16,4,,,,no,asm,,
0x800A1BB0,ClearImage,144,36,FUN_80095768,SYS_OBJ_3E4,ClearImage,no,asm,,
0x800A1C40,ClearImage2,152,38,,SYS_OBJ_3E4,ClearImage2,no,asm,,
0x800A1CD8,LoadImage,96,24,FUN_80039098|FUN_800443cc|FUN_800666c8|FUN_8006674c|FUN_8008e2ec|FUN_80092e08|FUN_800952c8,SYS_OBJ_3E4,LoadImage,no,asm,,
0x800A1D38,StoreImage,96,24,FUN_80092f5c,SYS_OBJ_3E4,StoreImage,no,asm,,
0x800A1D98,MoveImage,160,40,FUN_8008e480,SYS_OBJ_3E4,MoveImage,no,asm,,
0x800A1E38,SYS_OBJ_788,24,6,,,,no,asm,,
0x800A1E50,ClearOTag,200,50,,,"ClearOTag(%08x,%d)...\n",no,asm,,
0x800A1F18,ClearOTagR,172,43,FUN_8001a0b4|FUN_8001a24c,,"ClearOTagR(%08x,%d)...\n",no,asm,,
0x800A1FC4,DrawPrim,92,23,,,,no,asm,,
0x800A2020,DrawOTag,112,28,FUN_8001a24c,,DrawOTag(%08x)...\n,no,asm,,
0x800A2090,PutDrawEnv,192,48,FUN_8001a994|FUN_800955b8|FUN_80095768|FUN_800958f0,SYS_OBJ_13C0|memcpy,PutDrawEnv(%08x)...\n,no,asm,,
0x800A2150,DrawOTagEnv,216,54,,SYS_OBJ_13C0|memcpy,"DrawOTagEnv(%08x,&08x)...\n",no,asm,,
0x800A2228,GetDrawEnv,52,13,,memcpy,,no,asm,,
0x800A225C,PutDispEnv,416,104,FUN_8001a8f0|FUN_800955b8|FUN_80095768|FUN_800958f0,FUN_800a1694,PutDispEnv(%08x)...\n,no,asm,,
0x800A23FC,SYS_OBJ_D4C,536,134,,FUN_800a1694,,no,asm,,
0x800A2614,SYS_OBJ_F64,28,7,,,,no,asm,,
0x800A26A4,SYS_OBJ_FF4,24,6,,,,no,asm,,
0x800A26BC,SYS_OBJ_100C,152,38,,memcpy,,no,asm,,
0x800A2754,GetDispEnv,52,13,,memcpy,,no,asm,,
0x800A2788,GetODE,48,12,,,,no,asm,,
0x800A27B8,SetDrawArea,128,32,FUN_8001a24c,SYS_OBJ_1650|SYS_OBJ_16E8,,no,asm,,
0x800A2838,SetDrawOffset,64,16,FUN_8001a24c,SYS_OBJ_1780,,no,asm,,
0x800A2878,SetDrawEnv,348,87,,SYS_OBJ_1630|SYS_OBJ_1650|SYS_OBJ_16E8|SYS_OBJ_1780|SYS_OBJ_179C,,no,asm,,
0x800A29D4,SYS_OBJ_1324,156,39,,,,no,asm,,
0x800A2A70,SYS_OBJ_13C0,348,87,DrawOTagEnv|PutDrawEnv,SYS_OBJ_1630|SYS_OBJ_1650|SYS_OBJ_16E8|SYS_OBJ_1780|SYS_OBJ_179C,,no,asm,,
0x800A2BCC,SYS_OBJ_151C,248,62,,,,no,asm,,
0x800A2CC4,SYS_OBJ_1614,28,7,,,,no,asm,,
0x800A2CE0,SYS_OBJ_1630,32,8,SYS_OBJ_13C0|SetDrawEnv,,,no,asm,,
0x800A2D00,SYS_OBJ_1650,124,31,SYS_OBJ_13C0|SetDrawArea|SetDrawEnv,,,no,asm,,
0x800A2D7C,SYS_OBJ_16CC,28,7,,,,no,asm,,
0x800A2D98,SYS_OBJ_16E8,124,31,SYS_OBJ_13C0|SetDrawArea|SetDrawEnv,,,no,asm,,
0x800A2E14,SYS_OBJ_1764,28,7,,,,no,asm,,
0x800A2E30,SYS_OBJ_1780,28,7,SYS_OBJ_13C0|SetDrawEnv|SetDrawOffset,,,no,asm,,
0x800A2E4C,SYS_OBJ_179C,120,30,SYS_OBJ_13C0|SetDrawEnv,,,no,asm,,
0x800A2EC4,SYS_OBJ_1814,8,2,,,,no,asm,,
0x800A2ECC,SYS_OBJ_181C,24,6,,,,no,asm,,
0x800A2EE4,SYS_OBJ_1834,224,56,,SYS_OBJ_2880|SYS_OBJ_28B4,,no,asm,,
0x800A2FC4,SYS_OBJ_1914,88,22,,,,no,asm,,
0x800A301C,SYS_OBJ_196C,64,16,,,,no,asm,,
0x800A305C,SYS_OBJ_19AC,368,92,,SYS_OBJ_20A4,,no,asm,,
0x800A31CC,SYS_OBJ_1B1C,40,10,,SYS_OBJ_205C,,no,asm,,
0x800A31F4,SYS_OBJ_1B44,104,26,,SYS_OBJ_2880,,no,asm,,
0x800A325C,SYS_OBJ_1BAC,60,15,,,,no,asm,,
0x800A3298,SYS_OBJ_1BE8,372,93,,SYS_OBJ_28B4,,no,asm,,
0x800A340C,SYS_OBJ_1D5C,36,9,,,,no,asm,,
0x800A3430,SYS_OBJ_1D80,96,24,,SYS_OBJ_2880,,no,asm,,
0x800A3490,SYS_OBJ_1DE0,60,15,,,,no,asm,,
0x800A34CC,SYS_OBJ_1E1C,452,113,,SYS_OBJ_28B4,,no,asm,,
0x800A3690,SYS_OBJ_1FE0,32,8,,,,no,asm,,
0x800A36B0,SYS_OBJ_2000,20,5,,,,no,asm,,
0x800A36C4,SYS_OBJ_2014,8,2,,,,no,asm,,
0x800A36CC,SYS_OBJ_201C,64,16,,,,no,asm,,
0x800A370C,SYS_OBJ_205C,72,18,SYS_OBJ_1B1C,,,no,asm,,
0x800A3754,SYS_OBJ_20A4,48,12,SYS_OBJ_19AC,,,no,asm,,
0x800A3784,SYS_OBJ_20D4,36,9,,SYS_OBJ_20F8,,no,asm,,
0x800A37A8,SYS_OBJ_20F8,76,19,SYS_OBJ_20D4,SYS_OBJ_23A8|SYS_OBJ_2880|SYS_OBJ_28B4,,no,asm,,
0x800A37F4,SYS_OBJ_2144,256,64,,DMACallback|SetIntrMask,,no,asm,,
0x800A38F4,SYS_OBJ_2244,148,37,,,,no,asm,,
0x800A39AC,SYS_OBJ_22FC,144,36,,SYS_OBJ_23A8|SetIntrMask,,no,asm,,
0x800A3A3C,SYS_OBJ_238C,28,7,,,,no,asm,,
0x800A3A58,SYS_OBJ_23A8,608,152,SYS_OBJ_20F8|SYS_OBJ_22FC|SYS_OBJ_2764,DMACallback|SetIntrMask,,no,asm,,
0x800A3CB8,SYS_OBJ_2608,264,66,ResetGraph,SYS_OBJ_2ED8|SetIntrMask,,no,asm,,
0x800A3DC0,SYS_OBJ_2710,52,13,,SYS_OBJ_29F8|SetIntrMask,,no,asm,,
0x800A3DF4,SYS_OBJ_2744,32,8,,SYS_OBJ_2880,,no,asm,,
0x800A3E14,SYS_OBJ_2764,24,6,,SYS_OBJ_23A8|SYS_OBJ_28B4,,no,asm,,
0x800A3E2C,SYS_OBJ_277C,124,31,,SYS_OBJ_28B4,,no,asm,,
0x800A3F20,SYS_OBJ_2870,16,4,,,,no,asm,,
0x800A3F30,SYS_OBJ_2880,52,13,SYS_OBJ_1834|SYS_OBJ_1B44|SYS_OBJ_1D80|SYS_OBJ_20F8|SYS_OBJ_2744,VSync,,no,asm,,
0x800A3F64,SYS_OBJ_28B4,308,77,DrawOTag2|LoadImage2|MoveImage2|SYS_OBJ_1834|SYS_OBJ_1BE8|SYS_OBJ_1E1C|SYS_OBJ_20F8|SYS_OBJ_2764|SYS_OBJ_277C|StoreImage2,SetIntrMask|VSync|printf,"GPU timeout:que=%d,stat=%08x,chcr=%08x,madr=%08x\n",no,asm,,
0x800A4098,SYS_OBJ_29E8,16,4,,,,no,asm,,
0x800A40A8,SYS_OBJ_29F8,152,38,SYS_OBJ_2710,,,no,asm,,
0x800A4140,SYS_OBJ_2A90,8,2,,,,no,asm,,
0x800A4148,LoadImage2,124,31,,SYS_OBJ_28B4|SYS_OBJ_3E4|VSync,LoadImage2,no,asm,,
0x800A41C4,SYS_OBJ_2B14,112,28,,DMACallback,,no,asm,,
0x800A4234,StoreImage2,124,31,FUN_8001a24c,SYS_OBJ_28B4|SYS_OBJ_3E4|VSync,StoreImage,no,asm,,
0x800A42B0,SYS_OBJ_2C00,112,28,,DMACallback,,no,asm,,
0x800A4320,MoveImage2,132,33,,SYS_OBJ_28B4|SYS_OBJ_3E4|VSync,MoveImage,no,asm,,
0x800A43A4,SYS_OBJ_2CF4,168,42,,DMACallback,,no,asm,,
0x800A444C,SYS_OBJ_2D9C,24,6,,,,no,asm,,
0x800A4464,DrawOTag2,144,36,,SYS_OBJ_28B4|VSync,DrawOTag(%08x)...\n,no,asm,,
0x800A44F4,SYS_OBJ_2E44,108,27,,DMACallback,,no,asm,,
0x800A4560,_GPU_ResetCallback,40,10,ContinueDraw,DMACallback,,no,asm,,
0x800A4588,SYS_OBJ_2ED8,36,9,ResetGraph|SYS_OBJ_2608|SetDispMask,,,no,asm,,
0x800A45B0,GPU_cw,12,3,ResetGraph,,,no,asm,,
0x800A45C0,BreakDraw,148,37,FUN_8001a24c,,,no,asm,,
0x800A4654,IsIdleGPU,88,22,FUN_8001a24c,,,no,asm,,
0x800A46AC,BREAK_OBJ_EC,8,2,,,,no,asm,,
0x800A46B4,ContinueDraw,200,50,FUN_8001a24c,_GPU_ResetCallback,,no,asm,,
0x800A477C,BREAK_OBJ_1BC,88,22,,,,no,asm,,
0x800A47E0,SetDefDrawEnv,120,30,FUN_8001a774|FUN_800958f0,FUN_800a1694,,no,asm,,
0x800A4858,E03_OBJ_78,60,15,,,,no,asm,,
0x800A48A0,SetDefDispEnv,60,15,FUN_8001a774|FUN_800958f0,,,no,asm,,
0x800A48E0,SetDrawMove,96,24,FUN_8001551c|FUN_800252b0|FUN_8006422c,,,no,asm,,
0x800A4948,InitGeom,128,32,FUN_8001ce34,_patch_gte,,no,asm,,
0x800A49D0,SquareRoot12,140,35,FUN_80019644|FUN_800457e0|FUN_8004cdb4|FUN_8004da38|FUN_8004e830|FUN_8004ffec|FUN_80050210|FUN_80054a14|FUN_8005c05c|FUN_8005d4c8|FUN_8005dc98|FUN_8005e8b0|FUN_80072dd4|FUN_80073054,,,no,asm,,
0x800A4A70,SetLightMatrix,48,12,FUN_80018ef0,,,no,asm,,
0x800A4AA0,SetColorMatrix,48,12,FUN_800137d8|FUN_80018ef0,,,no,asm,,
0x800A4AD0,SetBackColor,32,8,FUN_800137d8|FUN_80018ef0,,,no,asm,,
0x800A4AF0,FUN_800a4af0,24,6,FUN_80010030|FUN_800838f8|FUN_80087fa8|FUN_8008bd58|FUN_8008de60,,,no,asm,,
0x800A4B10,FUN_800a4b10,12,3,FUN_80010030,,,no,asm,,
0x800A4B20,ratan2,180,45,FUN_8002c894|FUN_8002d4b0|FUN_8002d7c8|FUN_8002de7c|FUN_8002f4ac|FUN_80033d30|FUN_800429d0|FUN_8004a69c|FUN_8004b214|FUN_8004bdf4|FUN_8004bfac|FUN_80056c6c|FUN_8005f034|FUN_80071f50,,,no,asm,,
0x800A4BD4,RATAN_OBJ_B4,20,5,,,,no,asm,,
0x800A4C5C,RATAN_OBJ_13C,20,5,,,,no,asm,,
0x800A4C70,RATAN_OBJ_150,36,9,,,,no,asm,,
0x800A4CA0,_patch_gte,172,43,InitGeom,FUN_8009c1a0|FUN_8009c1b0|FlushCache,,no,asm,,
0x800A4D7C,PATCHGTE_OBJ_DC,4,1,,,,no,asm,,
0x800A4D80,FUN_800a4d80,24,6,FUN_8001836c|FUN_8004a3a8,,,no,asm,,
0x800A4DA0,DecDCTReset,52,13,FUN_80094ff0|FUN_800952c8|FUN_800956c8|FUN_80095768|FUN_800958f0|FUN_80095d70,LIBPRESS_OBJ_2C0|ResetCallback,,no,asm,,
0x800A4DD4,DecDCTGetEnv,140,35,,,,no,asm,,
0x800A4E60,DecDCTPutEnv,152,38,,LIBPRESS_OBJ_3B0,,no,asm,,
0x800A4EF8,DecDCTin,48,12,FUN_80094ff0|FUN_800952c8|FUN_80095d70,,,no,asm,,
0x800A4F28,LIBPRESS_OBJ_188,44,11,,,,no,asm,,
0x800A4F54,LIBPRESS_OBJ_1B4,32,8,,LIBPRESS_OBJ_3B0,,no,asm,,
0x800A4F74,DecDCTout,32,8,FUN_80094ff0|FUN_800952c8|FUN_80095d70,LIBPRESS_OBJ_440,,no,asm,,
0x800A4F94,DecDCTinSync,44,11,FUN_800956c8|FUN_80095768|FUN_80095d70,LIBPRESS_OBJ_4CC|LIBPRESS_OBJ_5F4,,no,asm,,
0x800A4FC0,LIBPRESS_OBJ_220,16,4,,,,no,asm,,
0x800A4FD0,DecDCToutSync,56,14,FUN_80094ff0|FUN_800952c8|FUN_800956c8|FUN_80095768|FUN_80095d70,LIBPRESS_OBJ_560,,no,asm,,
0x800A5008,LIBPRESS_OBJ_268,16,4,,,,no,asm,,
0x800A5018,DecDCTinCallback,36,9,FUN_800956c8|FUN_800958f0|FUN_80095d70,DMACallback,,no,asm,,
0x800A503C,DecDCToutCallback,36,9,FUN_800956c8|FUN_800958f0|FUN_80095d70,DMACallback,,no,asm,,
0x800A5060,LIBPRESS_OBJ_2C0,212,53,DecDCTReset,LIBPRESS_OBJ_3B0,,no,asm,,
0x800A5134,LIBPRESS_OBJ_394,12,3,,printf,MDEC_rest:bad option(%d)\n,no,asm,,
0x800A5140,LIBPRESS_OBJ_3A0,16,4,,,,no,asm,,
0x800A5150,LIBPRESS_OBJ_3B0,144,36,DecDCTPutEnv|LIBPRESS_OBJ_1B4|LIBPRESS_OBJ_2C0,LIBPRESS_OBJ_4CC,,no,asm,,
0x800A51E0,LIBPRESS_OBJ_440,140,35,DecDCTout,LIBPRESS_OBJ_560,,no,asm,,
0x800A526C,LIBPRESS_OBJ_4CC,132,33,DecDCTinSync|LIBPRESS_OBJ_3B0,LIBPRESS_OBJ_60C,MDEC_in_sync,no,asm,,
0x800A52F0,LIBPRESS_OBJ_550,16,4,,,,no,asm,,
0x800A5300,LIBPRESS_OBJ_560,132,33,DecDCToutSync|LIBPRESS_OBJ_440,LIBPRESS_OBJ_60C,MDEC_out_sync,no,asm,,
0x800A5384,LIBPRESS_OBJ_5E4,16,4,,,,no,asm,,
0x800A5394,LIBPRESS_OBJ_5F4,24,6,DecDCTinSync,,,no,asm,,
0x800A53AC,LIBPRESS_OBJ_60C,124,31,LIBPRESS_OBJ_4CC|LIBPRESS_OBJ_560,printf,%s timeout:\n,no,asm,,
0x800A5430,FUN_800a5430,12,3,FUN_80094ff0|FUN_800952c8,,,no,asm,,
0x800A5440,start,168,42,,InitHeap|main,,yes,asm,,
0x800A54E8,__main,112,28,main,,,no,asm,,
0x800A5558,__do_global_dtors,104,26,,,,no,asm,,
0x800A55C0,InitHeap,12,3,start,,,no,asm,,
0x800A55D0,__divdi3,152,38,FUN_800961ec|FUN_80096994,__udivmoddi4,,no,asm,,
0x800A5668,__udivmoddi4,96,24,__divdi3,,,no,asm,,
0x800A56C8,_UDIVMOD_OBJ_60,272,68,,,,no,asm,,
0x800A5830,_UDIVMOD_OBJ_1C8,284,71,,,,no,asm,,
0x800A594C,_UDIVMOD_OBJ_2E4,208,52,,,,no,asm,,
0x800A5A1C,_UDIVMOD_OBJ_3B4,16,4,,,,no,asm,,
0x800A5A84,_UDIVMOD_OBJ_41C,96,24,,,,no,asm,,
0x800A5AE4,_UDIVMOD_OBJ_47C,20,5,,,,no,asm,,
0x800A5C4C,_UDIVMOD_OBJ_5E4,44,11,,,,no,asm,,
0x800A5C78,_SpuInit,232,58,SpuInit,ResetCallback|SpuStart|_spu_FsetRXX|_spu_init,,no,asm,,
0x800A5D60,SpuStart,112,28,FUN_8002097c|_SpuInit,EnableEvent|FUN_8009c1a0|FUN_8009c1b0|FUN_800a6918|OpenEvent,,no,asm,,
0x800A5DD8,_spu_init,212,53,_SpuInit,_spu_Fw1ts|printf,SPU:T/O [%s]\n|wait (reset),no,asm,,
0x800A5EAC,SPU_OBJ_D4,428,107,,SPU_OBJ_280|_spu_Fw1ts,,no,asm,,
0x800A6058,SPU_OBJ_280,272,68,SPU_OBJ_D4|_spu_Fw,_spu_Fw1ts|printf,SPU:T/O [%s]\n|wait (wrdy H -> L),no,asm,,
0x800A6168,SPU_OBJ_390,148,37,,_spu_Fw1ts|printf,SPU:T/O [%s]\n|wait (dmaf clear/W),no,asm,,
0x800A61FC,SPU_OBJ_424,28,7,,,,no,asm,,
0x800A6218,_spu_FiDMA,172,43,,DeliverEvent|_spu_Fw1ts,,no,asm,,
0x800A62C4,SPU_OBJ_4EC,16,4,,,,no,asm,,
0x800A62D4,_spu_Fr_,168,42,,SPU_OBJ_AB0|_spu_Fw1ts,,no,asm,,
0x800A637C,_spu_t,488,122,S_CRWA_OBJ_9C|_spu_Fr|_spu_Fw,SPU_OBJ_A88|SPU_OBJ_AB0,,no,asm,,
0x800A6564,SPU_OBJ_78C,136,34,,,,no,asm,,
0x800A65EC,SPU_OBJ_814,16,4,,,,no,asm,,
0x800A65FC,_spu_Fw,112,28,FUN_800a8948,SPU_OBJ_280|_spu_t,,no,asm,,
0x800A666C,SPU_OBJ_894,20,5,,,,no,asm,,
0x800A6680,_spu_Fr,100,25,SpuRead,_spu_t,,no,asm,,
0x800A66E4,_spu_FsetRXX,60,15,S_SRMP_OBJ_424|_SpuInit,,,no,asm,,
0x800A6720,SPU_OBJ_948,8,2,,,,no,asm,,
0x800A6728,_spu_FsetRXXa,156,39,SN_SVA_OBJ_270|S_SVA_OBJ_280|SpuSetIRQAddr|SpuSetTransferStartAddr,,,no,asm,,
0x800A67C4,SPU_OBJ_9EC,8,2,,,,no,asm,,
0x800A67CC,_spu_FgetRXXa,52,13,,,,no,asm,,
0x800A6800,SPU_OBJ_A28,8,2,,,,no,asm,,
0x800A6808,_spu_FsetPCR,76,19,,,,no,asm,,
0x800A6854,SPU_OBJ_A7C,12,3,,,,no,asm,,
0x800A6860,SPU_OBJ_A88,40,10,_spu_t,,,no,asm,,
0x800A6888,SPU_OBJ_AB0,40,10,_spu_Fr_|_spu_t,,,no,asm,,
0x800A68B0,_spu_Fw1ts,64,16,SPU_OBJ_280|SPU_OBJ_390|SPU_OBJ_D4|_spu_FiDMA|_spu_Fr_|_spu_init,,,no,asm,,
0x800A68F0,SPU_OBJ_B18,28,7,,,,no,asm,,
0x800A6918,FUN_800a6918,36,9,FUN_800a6968|SpuStart,DMACallback,,no,asm,,
0x800A6948,SpuInit,32,8,FUN_8002097c,_SpuInit,,no,asm,,
0x800A6968,FUN_800a6968,116,29,FUN_80020aac,CloseEvent|DisableEvent|FUN_8009c1a0|FUN_8009c1b0|FUN_800a6918,,no,asm,,
0x800A69E8,SpuInitMalloc,76,19,FUN_8002097c,,,no,asm,,
0x800A6A34,S_M_INIT_OBJ_4C,8,2,,,,no,asm,,
0x800A6A48,SpuMalloc,84,21,FUN_80020668|FUN_80022330|FUN_800978f0,,,no,asm,,
0x800A6A9C,S_M_M_OBJ_54,216,54,,_spu_gcSPU,,no,asm,,
0x800A6B74,S_M_M_OBJ_12C,380,95,,_spu_gcSPU,,no,asm,,
0x800A6CF0,S_M_M_OBJ_2A8,28,7,,,,no,asm,,
0x800A6D18,_spu_gcSPU,84,21,S_M_F_OBJ_64|S_M_M_OBJ_12C|S_M_M_OBJ_54|S_M_WSA_OBJ_64,,,no,asm,,
0x800A6D6C,S_M_INT_OBJ_54,112,28,,,,no,asm,,
0x800A6DDC,S_M_INT_OBJ_C4,428,107,,,,no,asm,,
0x800A6F88,S_M_INT_OBJ_270,144,36,,,,no,asm,,
0x800A7018,SpuMallocWithStartAddr,100,25,FUN_80022330,,,no,asm,,
0x800A707C,S_M_WSA_OBJ_64,220,55,,_spu_gcSPU,,no,asm,,
0x800A7158,S_M_WSA_OBJ_140,168,42,,S_M_WSA_OBJ_344,,no,asm,,
0x800A7200,S_M_WSA_OBJ_1E8,296,74,,,,no,asm,,
0x800A7328,S_M_WSA_OBJ_310,4,1,,,,no,asm,,
0x800A732C,S_M_WSA_OBJ_314,48,12,,,,no,asm,,
0x800A735C,S_M_WSA_OBJ_344,72,18,S_M_WSA_OBJ_140,,,no,asm,,
0x800A73A4,S_M_WSA_OBJ_38C,8,2,,,,no,asm,,
0x800A73B8,SpuFree,100,25,FUN_80020768|FUN_8002246c|FUN_800977a8,,,no,asm,,
0x800A741C,S_M_F_OBJ_64,24,6,,_spu_gcSPU,,no,asm,,
0x800A7438,SpuSetReverb,176,44,FUN_80020e0c,_SpuIsInAllocateArea_,,no,asm,,
0x800A74E8,S_SR_OBJ_B0,4,1,,,,no,asm,,
0x800A74EC,S_SR_OBJ_B4,24,6,,,,no,asm,,
0x800A7508,_SpuIsInAllocateArea,44,11,,,,no,asm,,
0x800A7534,S_M_UTIL_OBJ_2C,76,19,,,,no,asm,,
0x800A7580,S_M_UTIL_OBJ_78,8,2,,,,no,asm,,
0x800A7588,_SpuIsInAllocateArea_,56,14,SpuClearReverbWorkArea|SpuReserveReverbWorkArea|SpuSetReverb|SpuSetReverbModeParam,,,no,asm,,
0x800A75C0,S_M_UTIL_OBJ_B8,76,19,,,,no,asm,,
0x800A760C,S_M_UTIL_OBJ_104,8,2,,,,no,asm,,
0x800A7618,SpuSetReverbModeParam,344,86,FUN_80020e0c,_SpuIsInAllocateArea_,,no,asm,,
0x800A7770,S_SRMP_OBJ_158,16,4,,,,no,asm,,
0x800A7780,S_SRMP_OBJ_168,436,109,,,,no,asm,,
0x800A7934,S_SRMP_OBJ_31C,228,57,,,,no,asm,,
0x800A7A18,S_SRMP_OBJ_400,36,9,,,,no,asm,,
0x800A7A3C,S_SRMP_OBJ_424,128,32,,SpuClearReverbWorkArea|_spu_FsetRXX|_spu_setReverbAttr,,no,asm,,
0x800A7ABC,S_SRMP_OBJ_4A4,48,12,,,,no,asm,,
0x800A7AF8,_spu_setReverbAttr,1232,308,S_SRMP_OBJ_424,,,no,asm,,
0x800A7FC8,SpuReserveReverbWorkArea,60,15,FUN_80020e0c,_SpuIsInAllocateArea_,,no,asm,,
0x800A8004,S_RRWA_OBJ_3C,16,4,,,,no,asm,,
0x800A8018,SpuSetReverbDepth,120,30,FUN_80020e80,,,no,asm,,
0x800A8098,FUN_800a8098,36,9,FUN_80020c48|FUN_80020e0c|FUN_800967f0|FUN_8009714c,_SpuSetAnyVoice,,no,asm,,
0x800A80C8,_SpuSetAnyVoice,304,76,FUN_800a8098,,,no,asm,,
0x800A81F8,S_SAV_OBJ_130,16,4,,,,no,asm,,
0x800A82C8,S_SAV_OBJ_200,20,5,,,,no,asm,,
0x800A836C,S_SAV_OBJ_2A4,8,2,,,,no,asm,,
0x800A8374,S_SAV_OBJ_2AC,8,2,,,,no,asm,,
0x800A837C,S_SAV_OBJ_2B4,8,2,,,,no,asm,,
0x800A8388,SpuClearReverbWorkArea,156,39,FUN_80020e0c|S_SRMP_OBJ_424,_SpuIsInAllocateArea_,,no,asm,,
0x800A8424,S_CRWA_OBJ_9C,212,53,,WaitEvent|_spu_t,,no,asm,,
0x800A84F8,S_CRWA_OBJ_170,36,9,,,,no,asm,,
0x800A8528,WaitEvent,12,3,S_CRWA_OBJ_9C,,,no,asm,,
0x800A8538,SpuSetIRQ,244,61,FUN_80021f38|FUN_80021f70|FUN_800964fc|FUN_800971b0,,SPU:T/O [%s]\n|wait (IRQ/ON)|wait (IRQ/OFF),no,asm,,
0x800A862C,S_SI_OBJ_F4,16,4,,printf,,no,asm,,
0x800A8664,S_SI_OBJ_12C,16,4,,,,no,asm,,
0x800A8678,SpuSetIRQAddr,48,12,FUN_80021f38|FUN_800964fc,_spu_FsetRXXa,,no,asm,,
0x800A86A8,S_SIA_OBJ_30,16,4,,,,no,asm,,
0x800A86B8,SpuSetIRQCallback,60,15,FUN_800218e0|FUN_80021a58|FUN_800964fc|FUN_800971b0|FUN_80097284,FUN_800a86f8,,no,asm,,
0x800A86F8,FUN_800a86f8,36,9,SpuSetIRQCallback,InterruptCallback,,no,asm,,
0x800A8728,SpuSetKey,428,107,FUN_80020c48|FUN_800967f0|FUN_8009714c,,,no,asm,,
0x800A88D4,S_SK_OBJ_1AC,8,2,,,,no,asm,,
0x800A88DC,S_SK_OBJ_1B4,8,2,,,,no,asm,,
0x800A88E8,SpuRead,92,23,FUN_80020254,_spu_Fr,,no,asm,,
0x800A8948,FUN_800a8948,92,23,FUN_80020254|FUN_80096288,_spu_Fw,,no,asm,,
0x800A89A8,SpuSetTransferStartAddr,76,19,FUN_80020254|FUN_80096288,_spu_FsetRXXa,,no,asm,,
0x800A89F4,S_STSA_OBJ_4C,16,4,,,,no,asm,,
0x800A8A08,SpuSetTransferMode,28,7,FUN_8001ffa8|FUN_8001fffc|FUN_80096288,,,no,asm,,
0x800A8A24,S_STM_OBJ_1C,20,5,,,,no,asm,,
0x800A8A38,FUN_800a8a38,64,16,FUN_8001ffa8,,,no,asm,,
0x800A8A78,FUN_800a8a78,36,9,FUN_8001ffa8|FUN_8001fffc|FUN_800971b0|FUN_80097284,,,no,asm,,
0x800A8AA8,SpuSetVoiceAttr,316,79,FUN_800209bc|FUN_800209fc|FUN_800966b0,_spu_note2pitch,,no,asm,,
0x800A8BE4,S_SVA_OBJ_13C,8,2,,,,no,asm,,
0x800A8BEC,S_SVA_OBJ_144,8,2,,,,no,asm,,
0x800A8BF4,S_SVA_OBJ_14C,8,2,,,,no,asm,,
0x800A8BFC,S_SVA_OBJ_154,8,2,,,,no,asm,,
0x800A8C04,S_SVA_OBJ_15C,8,2,,,,no,asm,,
0x800A8C0C,S_SVA_OBJ_164,8,2,,,,no,asm,,
0x800A8C14,S_SVA_OBJ_16C,4,1,,,,no,asm,,
0x800A8C18,S_SVA_OBJ_170,48,12,,,,no,asm,,
0x800A8C48,S_SVA_OBJ_1A0,124,31,,,,no,asm,,
0x800A8CC4,S_SVA_OBJ_21C,8,2,,,,no,asm,,
0x800A8CCC,S_SVA_OBJ_224,8,2,,,,no,asm,,
0x800A8CD4,S_SVA_OBJ_22C,8,2,,,,no,asm,,
0x800A8CDC,S_SVA_OBJ_234,8,2,,,,no,asm,,
0x800A8CE4,S_SVA_OBJ_23C,8,2,,,,no,asm,,
0x800A8CEC,S_SVA_OBJ_244,8,2,,,,no,asm,,
0x800A8CF4,S_SVA_OBJ_24C,4,1,,,,no,asm,,
0x800A8CF8,S_SVA_OBJ_250,48,12,,,,no,asm,,
0x800A8D28,S_SVA_OBJ_280,512,128,,_spu_FsetRXXa,,no,asm,,
0x800A8F28,S_SVA_OBJ_480,320,80,,,,no,asm,,
0x800A9068,S_SVA_OBJ_5C0,56,14,,,,no,asm,,
0x800A90A8,_spu_note2pitch,200,50,SpuNSetVoiceAttr|SpuSetVoiceAttr,,,no,asm,,
0x800A9170,S_N2P_OBJ_C8,8,2,,,,no,asm,,
0x800A9178,_spu_pitch2note,136,34,,,,no,asm,,
0x800A9200,S_N2P_OBJ_158,104,26,,,,no,asm,,
0x800A9268,S_N2P_OBJ_1C0,64,16,,,,no,asm,,
0x800A92A8,SpuNSetVoiceAttr,300,75,FUN_800208fc|FUN_800211e0,_spu_note2pitch,,no,asm,,
0x800A93D4,SN_SVA_OBJ_12C,8,2,,,,no,asm,,
0x800A93DC,SN_SVA_OBJ_134,8,2,,,,no,asm,,
0x800A93E4,SN_SVA_OBJ_13C,8,2,,,,no,asm,,
0x800A93EC,SN_SVA_OBJ_144,8,2,,,,no,asm,,
0x800A93F4,SN_SVA_OBJ_14C,8,2,,,,no,asm,,
0x800A93FC,SN_SVA_OBJ_154,8,2,,,,no,asm,,
0x800A9404,SN_SVA_OBJ_15C,4,1,,,,no,asm,,
0x800A9408,SN_SVA_OBJ_160,48,12,,,,no,asm,,
0x800A9438,SN_SVA_OBJ_190,124,31,,,,no,asm,,
0x800A94B4,SN_SVA_OBJ_20C,8,2,,,,no,asm,,
0x800A94BC,SN_SVA_OBJ_214,8,2,,,,no,asm,,
0x800A94C4,SN_SVA_OBJ_21C,8,2,,,,no,asm,,
0x800A94CC,SN_SVA_OBJ_224,8,2,,,,no,asm,,
0x800A94D4,SN_SVA_OBJ_22C,8,2,,,,no,asm,,
0x800A94DC,SN_SVA_OBJ_234,8,2,,,,no,asm,,
0x800A94E4,SN_SVA_OBJ_23C,4,1,,,,no,asm,,
0x800A94E8,SN_SVA_OBJ_240,48,12,,,,no,asm,,
0x800A9518,SN_SVA_OBJ_270,512,128,,_spu_FsetRXXa,,no,asm,,
0x800A9718,SN_SVA_OBJ_470,304,76,,,,no,asm,,
0x800A9848,SN_SVA_OBJ_5A0,48,12,,,,no,asm,,
0x800A9878,SpuSetCommonAttr,88,22,FUN_800205f4|FUN_800966b0,,,no,asm,,
0x800A98D0,S_SCA_OBJ_58,8,2,,,,no,asm,,
0x800A98D8,S_SCA_OBJ_60,8,2,,,,no,asm,,
0x800A98E0,S_SCA_OBJ_68,8,2,,,,no,asm,,
0x800A98E8,S_SCA_OBJ_70,8,2,,,,no,asm,,
0x800A98F0,S_SCA_OBJ_78,8,2,,,,no,asm,,
0x800A98F8,S_SCA_OBJ_80,8,2,,,,no,asm,,
0x800A9900,S_SCA_OBJ_88,8,2,,,,no,asm,,
0x800A9908,S_SCA_OBJ_90,8,2,,,,no,asm,,
0x800A9910,S_SCA_OBJ_98,128,32,,,,no,asm,,
0x800A9990,S_SCA_OBJ_118,8,2,,,,no,asm,,
0x800A9998,S_SCA_OBJ_120,8,2,,,,no,asm,,
0x800A99A0,S_SCA_OBJ_128,8,2,,,,no,asm,,
0x800A99A8,S_SCA_OBJ_130,8,2,,,,no,asm,,
0x800A99B0,S_SCA_OBJ_138,8,2,,,,no,asm,,
0x800A99B8,S_SCA_OBJ_140,8,2,,,,no,asm,,
0x800A99C0,S_SCA_OBJ_148,8,2,,,,no,asm,,
0x800A99C8,S_SCA_OBJ_150,8,2,,,,no,asm,,
0x800A99D0,S_SCA_OBJ_158,284,71,,,,no,asm,,
0x800A9AEC,S_SCA_OBJ_274,84,21,,,,no,asm,,
0x800A9B40,S_SCA_OBJ_2C8,84,21,,,,no,asm,,
0x800A9B94,S_SCA_OBJ_31C,84,21,,,,no,asm,,
0x800A9BE8,S_SCA_OBJ_370,12,3,,,,no,asm,,
